Team,Type,Subtype,Period,Start Frame,Start Time [s],End Frame,End Time [s],From,To,Start X,Start Y,End X,End Y
Home,,,1,241,4.016667,,,,,0.919179,0.484718,,
Home,,,1,242,4.033333,,,,,0.919966,0.482142,,
Home,,,1,243,4.05,,,,,0.920753,0.479566,,
Home,,,1,244,4.066667,,,,,0.92154,0.47699,,
Home,,,1,245,4.083333,,,,,0.922327,0.474414,,
Home,,,1,246,4.1,,,,,0.923114,0.471838,,
Home,,,1,247,4.116667,,,,,0.923902,0.469262,,
Home,,,1,248,4.133333,,,,,0.924689,0.466686,,
Home,,,1,249,4.15,,,,,0.924947,0.465333,,
Home,,,1,250,4.166667,,,,,0.925205,0.463981,,
Home,,,1,251,4.183333,,,,,0.925463,0.462629,,
Home,,,1,252,4.2,,,,,0.925722,0.461277,,
Home,,,1,253,4.216667,,,,,0.92598,0.459925,,
Home,,,1,254,4.233333,,,,,0.926238,0.458573,,
Home,,,1,255,4.25,,,,,0.926496,0.457221,,
Home,,,1,256,4.266667,,,,,0.926754,0.455868,,
Home,,,1,257,4.283333,,,,,0.926869,0.455568,,
Home,,,1,258,4.3,,,,,0.926984,0.455267,,
Home,,,1,259,4.316667,,,,,0.927099,0.454966,,
Home,,,1,260,4.333333,,,,,0.927214,0.454666,,
Home,,,1,261,4.35,,,,,0.927329,0.454365,,
Home,,,1,262,4.366667,,,,,0.927443,0.454064,,
Home,,,1,263,4.383333,,,,,0.927616,0.454289,,
Home,,,1,264,4.4,,,,,0.927788,0.454514,,
Home,,,1,265,4.416667,,,,,0.927961,0.454739,,
Home,,,1,266,4.433333,,,,,0.928133,0.454964,,
Home,,,1,267,4.45,,,,,0.928305,0.455188,,
Home,,,1,268,4.466667,,,,,0.928478,0.455413,,
Home,,,1,269,4.483333,,,,,0.92865,0.455638,,
Home,,,1,270,4.5,,,,,0.928823,0.455862,,
Home,,,1,271,4.516667,,,,,0.929011,0.457664,,
Home,,,1,272,4.533333,,,,,0.929199,0.459465,,
Home,,,1,273,4.55,,,,,0.929388,0.461267,,
Home,,,1,274,4.566667,,,,,0.929576,0.463068,,
Home,,,1,275,4.583333,,,,,0.929765,0.46487,,
Home,,,1,276,4.6,,,,,0.929953,0.466671,,
Home,,,1,277,4.616667,,,,,0.930142,0.468472,,
Home,,,1,278,4.633333,,,,,0.93033,0.470273,,
Home,,,1,279,4.65,,,,,0.930518,0.472075,,
Home,,,1,280,4.666667,,,,,0.930707,0.473876,,
Home,,,1,281,4.683333,,,,,0.930895,0.475677,,
Home,,,1,282,4.7,,,,,0.930895,0.476578,,
Home,,,1,283,4.716667,,,,,0.930896,0.477479,,
Home,,,1,284,4.733333,,,,,0.930896,0.47838,,
Home,,,1,285,4.75,,,,,0.930896,0.479281,,
Home,,,1,286,4.766667,,,,,0.930092,0.482586,,
Home,,,1,287,4.783333,,,,,0.929289,0.485891,,
Home,,,1,288,4.8,,,,,0.928486,0.489197,,
Home,,,1,289,4.816667,,,,,0.927682,0.492502,,
Home,,,1,290,4.833333,,,,,0.926879,0.495807,,
Home,,,1,291,4.85,,,,,0.926075,0.499111,,
Home,,,1,292,4.866667,,,,,0.923778,0.50252,,
Home,,,1,293,4.883333,,,,,0.921482,0.505929,,
Home,,,1,294,4.9,,,,,0.919185,0.509337,,
Home,,,1,295,4.916667,,,,,0.916888,0.512746,,
Home,PASS,,1,296,4.933333,338,5.633333,Player0,Player1,0.914592,0.516154,0.816989,0.624784
Home,,,1,297,4.95,,,,,0.912296,0.519562,,
Home,,,1,298,4.966667,,,,,0.909999,0.52297,,
Home,,,1,299,4.983333,,,,,0.907703,0.526377,,
Home,,,1,300,5.0,,,,,0.905407,0.529785,,
Home,,,1,301,5.016667,,,,,0.902902,0.532738,,
Home,,,1,302,5.033333,,,,,0.900397,0.535691,,
Home,,,1,303,5.05,,,,,0.897893,0.538644,,
Home,,,1,304,5.066667,,,,,0.895388,0.541597,,
Home,,,1,305,5.083333,,,,,0.892884,0.544549,,
Home,,,1,306,5.1,,,,,0.890379,0.547502,,
Home,,,1,307,5.116667,,,,,0.887875,0.550454,,
Home,,,1,308,5.133333,,,,,0.885371,0.553406,,
Home,,,1,309,5.15,,,,,0.882867,0.556359,,
Home,,,1,310,5.166667,,,,,0.880363,0.559311,,
Home,,,1,311,5.183333,,,,,0.877859,0.562262,,
Home,,,1,312,5.2,,,,,0.875466,0.564583,,
Home,,,1,313,5.216667,,,,,0.873072,0.566903,,
Home,,,1,314,5.233333,,,,,0.870679,0.569223,,
Home,,,1,315,5.25,,,,,0.868285,0.571543,,
Home,,,1,316,5.266667,,,,,0.865892,0.573863,,
Home,,,1,317,5.283333,,,,,0.863499,0.576182,,
Home,,,1,318,5.3,,,,,0.861106,0.578502,,
Home,,,1,319,5.316667,,,,,0.858713,0.580822,,
Home,,,1,320,5.333333,,,,,0.85632,0.583141,,
Home,,,1,321,5.35,,,,,0.853927,0.585461,,
Home,,,1,322,5.366667,,,,,0.851535,0.58778,,
Home,,,1,323,5.383333,,,,,0.849142,0.590099,,
Home,,,1,324,5.4,,,,,0.846749,0.592418,,
Home,,,1,325,5.416667,,,,,0.844357,0.594737,,
Home,,,1,326,5.433333,,,,,0.841965,0.597056,,
Home,,,1,327,5.45,,,,,0.839572,0.599375,,
Home,,,1,328,5.466667,,,,,0.83718,0.601694,,
Home,,,1,329,5.483333,,,,,0.834788,0.604013,,
Home,,,1,330,5.5,,,,,0.832396,0.606331,,
Home,,,1,331,5.516667,,,,,0.830004,0.60865,,
Home,,,1,332,5.533333,,,,,0.827612,0.610968,,
Home,,,1,333,5.55,,,,,0.825376,0.613222,,
Home,,,1,334,5.566667,,,,,0.823141,0.615476,,
Home,,,1,335,5.583333,,,,,0.820905,0.61773,,
Home,,,1,336,5.6,,,,,0.818669,0.619983,,
Home,,,1,337,5.616667,,,,,0.817829,0.622384,,
Home,,,1,338,5.633333,,,,,0.816989,0.624784,,
Home,,,1,339,5.65,,,,,0.816149,0.627185,,
Home,,,1,340,5.666667,,,,,0.815309,0.629585,,
Home,,,1,341,5.683333,,,,,0.81447,0.631985,,
Home,,,1,342,5.7,,,,,0.81363,0.634386,,
Home,,,1,343,5.716667,,,,,0.81279,0.636786,,
Home,,,1,344,5.733333,,,,,0.81195,0.639186,,
Home,,,1,345,5.75,,,,,0.81111,0.641586,,
Home,,,1,346,5.766667,,,,,0.810698,0.643026,,
Home,,,1,347,5.783333,,,,,0.810286,0.644466,,
Home,,,1,348,5.8,,,,,0.809874,0.645906,,
Home,,,1,349,5.816667,,,,,0.809462,0.647346,,
Home,,,1,350,5.833333,,,,,0.80905,0.648785,,
Home,,,1,351,5.85,,,,,0.808658,0.650071,,
Home,,,1,352,5.866667,,,,,0.808265,0.651356,,
Home,,,1,353,5.883333,,,,,0.807873,0.652642,,
Home,,,1,354,5.9,,,,,0.80748,0.653927,,
Home,,,1,355,5.916667,,,,,0.807088,0.655213,,
Home,,,1,356,5.933333,,,,,0.806695,0.656498,,
Home,,,1,357,5.95,,,,,0.806303,0.657784,,
Home,,,1,358,5.966667,,,,,0.805339,0.657426,,
Home,,,1,359,5.983333,,,,,0.804376,0.657068,,
Home,,,1,360,6.0,,,,,0.803412,0.65671,,
Home,,,1,361,6.016667,,,,,0.802448,0.656352,,
Home,,,1,362,6.033333,,,,,0.801485,0.655994,,
Home,,,1,363,6.05,,,,,0.800111,0.659294,,
Home,,,1,364,6.066667,,,,,0.798736,0.662594,,
Home,,,1,365,6.083333,,,,,0.797362,0.665894,,
Home,,,1,366,6.1,,,,,0.795988,0.669193,,
Home,,,1,367,6.116667,,,,,0.794614,0.672493,,
Home,,,1,368,6.133333,,,,,0.79324,0.675792,,
Home,,,1,369,6.15,,,,,0.792727,0.67939,,
Home,,,1,370,6.166667,,,,,0.792213,0.682987,,
Home,,,1,371,6.183333,,,,,0.791699,0.686584,,
Home,,,1,372,6.2,,,,,0.791186,0.690182,,
Home,,,1,373,6.216667,,,,,0.791,0.69247,,
Home,,,1,374,6.233333,,,,,0.790813,0.694759,,
Home,,,1,375,6.25,,,,,0.790627,0.697048,,
Home,,,1,376,6.266667,,,,,0.790441,0.699337,,
Home,,,1,377,6.283333,,,,,0.790255,0.701625,,
Home,,,1,378,6.3,,,,,0.790069,0.703914,,
Home,,,1,379,6.316667,,,,,0.789883,0.706203,,
Home,,,1,380,6.333333,,,,,0.789697,0.708491,,
Home,,,1,381,6.35,,,,,0.789511,0.71078,,
Home,,,1,382,6.366667,,,,,0.789324,0.713068,,
Home,,,1,383,6.383333,,,,,0.789138,0.715357,,
Home,,,1,384,6.4,,,,,0.788702,0.716992,,
Home,,,1,385,6.416667,,,,,0.788265,0.718627,,
Home,,,1,386,6.433333,,,,,0.787828,0.720262,,
Home,,,1,387,6.45,,,,,0.787392,0.721897,,
Home,,,1,388,6.466667,,,,,0.786955,0.723532,,
Home,,,1,389,6.483333,,,,,0.786518,0.725167,,
Home,,,1,390,6.5,,,,,0.786082,0.726802,,
Home,,,1,391,6.516667,,,,,0.785645,0.728437,,
Home,,,1,392,6.533333,,,,,0.785208,0.730072,,
Home,,,1,393,6.55,,,,,0.784772,0.731706,,
Home,,,1,394,6.566667,,,,,0.784335,0.733341,,
Home,,,1,395,6.583333,,,,,0.783646,0.731288,,
Home,,,1,396,6.6,,,,,0.782957,0.729234,,
Home,,,1,397,6.616667,,,,,0.782267,0.727181,,
Home,,,1,398,6.633333,,,,,0.781578,0.725128,,
Home,,,1,399,6.65,,,,,0.780889,0.723074,,
Home,,,1,400,6.666667,,,,,0.7802,0.721021,,
Home,,,1,401,6.683333,,,,,0.77951,0.718967,,
Home,,,1,402,6.7,,,,,0.777902,0.713576,,
Home,,,1,403,6.716667,,,,,0.776293,0.708186,,
Home,,,1,404,6.733333,,,,,0.774684,0.702795,,
Home,,,1,405,6.75,,,,,0.773303,0.694706,,
Home,,,1,406,6.766667,,,,,0.771922,0.686618,,
Home,,,1,407,6.783333,,,,,0.773294,0.681221,,
Home,,,1,408,6.8,,,,,0.773523,0.680622,,
Home,,,1,409,6.816667,,,,,0.773751,0.680022,,
Home,,,1,410,6.833333,,,,,0.77398,0.679422,,
Home,,,1,411,6.85,,,,,0.774325,0.68122,,
Home,,,1,412,6.866667,,,,,0.774671,0.683017,,
Home,,,1,413,6.883333,,,,,0.775245,0.684514,,
Home,,,1,414,6.9,,,,,0.775819,0.686012,,
Home,,,1,415,6.916667,,,,,0.776393,0.687509,,
Home,,,1,416,6.933333,,,,,0.776968,0.689007,,
Home,,,1,417,6.95,,,,,0.777542,0.690504,,
Home,,,1,418,6.966667,,,,,0.778116,0.692001,,
Home,,,1,419,6.983333,,,,,0.779198,0.693284,,
Home,,,1,420,7.0,,,,,0.78028,0.694566,,
Home,,,1,421,7.016667,,,,,0.781362,0.695849,,
Home,,,1,422,7.033333,,,,,0.782444,0.697131,,
Home,,,1,423,7.05,,,,,0.783526,0.698414,,
Home,,,1,424,7.066667,,,,,0.784607,0.699696,,
Home,,,1,425,7.083333,,,,,0.785689,0.700979,,
Home,,,1,426,7.1,,,,,0.786301,0.701178,,
Home,,,1,427,7.116667,,,,,0.786912,0.701377,,
Home,,,1,428,7.133333,,,,,0.787524,0.701575,,
Home,,,1,429,7.15,,,,,0.788136,0.701774,,
Home,,,1,430,7.166667,,,,,0.788747,0.701973,,
Home,,,1,431,7.183333,,,,,0.789359,0.702172,,
Home,,,1,432,7.2,,,,,0.789971,0.70237,,
Home,,,1,433,7.216667,,,,,0.790582,0.702569,,
Home,,,1,434,7.233333,,,,,0.791194,0.702768,,
Home,,,1,435,7.25,,,,,0.791319,0.702931,,
Home,,,1,436,7.266667,,,,,0.791444,0.703095,,
Home,,,1,437,7.283333,,,,,0.791569,0.703258,,
Home,,,1,438,7.3,,,,,0.791695,0.703421,,
Home,,,1,439,7.316667,,,,,0.79182,0.703584,,
Home,,,1,440,7.333333,,,,,0.791945,0.703748,,
Home,,,1,441,7.35,,,,,0.79207,0.703911,,
Home,,,1,442,7.366667,,,,,0.792195,0.704074,,
Home,,,1,443,7.383333,,,,,0.792321,0.704237,,
Home,,,1,444,7.4,,,,,0.792446,0.704401,,
Home,,,1,445,7.416667,,,,,0.792571,0.704564,,
Home,,,1,446,7.433333,,,,,0.792813,0.703929,,
Home,,,1,447,7.45,,,,,0.793056,0.703294,,
Home,,,1,448,7.466667,,,,,0.793298,0.702659,,
Home,,,1,449,7.483333,,,,,0.793541,0.702024,,
Home,,,1,450,7.5,,,,,0.793783,0.701389,,
Home,,,1,451,7.516667,,,,,0.794025,0.700754,,
Home,,,1,452,7.533333,,,,,0.794268,0.700119,,
Home,,,1,453,7.55,,,,,0.79451,0.699484,,
Home,,,1,454,7.566667,,,,,0.794753,0.698849,,
Home,,,1,455,7.583333,,,,,0.794995,0.698214,,
Home,,,1,456,7.6,,,,,0.795237,0.697579,,
Home,,,1,457,7.616667,,,,,0.79548,0.696944,,
Home,,,1,458,7.633333,,,,,0.795722,0.696309,,
Home,,,1,459,7.65,,,,,0.795965,0.695674,,
Home,,,1,460,7.666667,,,,,0.796207,0.695039,,
Home,,,1,461,7.683333,,,,,0.79645,0.694404,,
Home,,,1,462,7.7,,,,,0.796692,0.693769,,
Home,,,1,463,7.716667,,,,,0.79683,0.694847,,
Home,,,1,464,7.733333,,,,,0.796969,0.695926,,
Home,,,1,465,7.75,,,,,0.797107,0.697005,,
Home,,,1,466,7.766667,,,,,0.797245,0.698083,,
Home,,,1,467,7.783333,,,,,0.797383,0.699162,,
Home,,,1,468,7.8,,,,,0.797336,0.699286,,
Home,,,1,469,7.816667,,,,,0.797289,0.69941,,
Home,,,1,470,7.833333,,,,,0.797241,0.699534,,
Home,,,1,471,7.85,,,,,0.797194,0.699658,,
Home,,,1,472,7.866667,,,,,0.797146,0.699782,,
Home,,,1,473,7.883333,,,,,0.797099,0.699906,,
Home,,,1,474,7.9,,,,,0.797052,0.700031,,
Home,,,1,475,7.916667,,,,,0.797004,0.700155,,
Home,,,1,476,7.933333,,,,,0.796957,0.700279,,
Home,,,1,477,7.95,,,,,0.79691,0.700403,,
Home,,,1,478,7.966667,,,,,0.796862,0.700527,,
Home,,,1,479,7.983333,,,,,0.796815,0.700651,,
Home,,,1,480,8.0,,,,,0.796767,0.700775,,
Home,,,1,481,8.016667,,,,,0.79672,0.700899,,
Home,,,1,482,8.033333,,,,,0.796673,0.701023,,
Home,,,1,483,8.05,,,,,0.796625,0.701147,,
Home,,,1,484,8.066667,,,,,0.796578,0.701271,,
Home,,,1,485,8.083333,,,,,0.796531,0.701395,,
Home,,,1,486,8.1,,,,,0.796483,0.70152,,
Home,,,1,487,8.116667,,,,,0.796436,0.701644,,
Home,,,1,488,8.133333,,,,,0.796389,0.701768,,
Home,,,1,489,8.15,,,,,0.796341,0.701892,,
Home,,,1,490,8.166667,,,,,0.796294,0.702016,,
Home,,,1,491,8.183333,,,,,0.796246,0.70214,,
Home,,,1,492,8.2,,,,,0.796199,0.702264,,
Home,,,1,493,8.216667,,,,,0.796152,0.702388,,
Home,,,1,494,8.233333,,,,,0.796104,0.702512,,
Home,,,1,495,8.25,,,,,0.796057,0.702636,,
Home,,,1,496,8.266667,,,,,0.79601,0.70276,,
Home,,,1,497,8.283333,,,,,0.796009,0.70227,,
Home,,,1,498,8.3,,,,,0.796009,0.70178,,
Home,,,1,499,8.316667,,,,,0.796009,0.701289,,
Home,,,1,500,8.333333,,,,,0.796008,0.700799,,
Home,,,1,501,8.35,,,,,0.796008,0.700308,,
Home,,,1,502,8.366667,,,,,0.796008,0.699818,,
Home,,,1,503,8.383333,,,,,0.796007,0.699328,,
Home,,,1,504,8.4,,,,,0.796007,0.698837,,
Home,,,1,505,8.416667,,,,,0.796007,0.698347,,
Home,,,1,506,8.433333,,,,,0.796007,0.697856,,
Home,,,1,507,8.45,,,,,0.796006,0.697366,,
Home,,,1,508,8.466667,,,,,0.797229,0.696964,,
Home,,,1,509,8.483333,,,,,0.798452,0.696563,,
Home,,,1,510,8.5,,,,,0.799675,0.696161,,
Home,,,1,511,8.516667,,,,,0.800898,0.69576,,
Home,,,1,512,8.533333,,,,,0.802121,0.695358,,
Home,,,1,513,8.55,,,,,0.803344,0.694956,,
Home,,,1,514,8.566667,,,,,0.804567,0.694555,,
Home,,,1,515,8.583333,,,,,0.805789,0.694153,,
Home,,,1,516,8.6,,,,,0.807012,0.693752,,
Home,,,1,517,8.616667,,,,,0.807873,0.6942,,
Home,,,1,518,8.633333,,,,,0.808733,0.694648,,
Home,,,1,519,8.65,,,,,0.809594,0.695096,,
Home,,,1,520,8.666667,,,,,0.810454,0.695544,,
Home,,,1,521,8.683333,,,,,0.811141,0.693745,,
Home,,,1,522,8.7,,,,,0.811141,0.693745,,
Home,,,1,523,8.716667,,,,,0.809764,0.691949,,
Home,,,1,524,8.733333,,,,,0.808387,0.690153,,
Home,,,1,525,8.75,,,,,0.807007,0.683861,,
Home,,,1,526,8.766667,,,,,0.805627,0.677569,,
Home,,,1,527,8.783333,,,,,0.804246,0.670378,,
Home,,,1,528,8.8,,,,,0.802865,0.663186,,
Home,,,1,529,8.816667,,,,,0.79942,0.655998,,
Home,PASS,,1,530,8.833333,674,11.23333,Player1,Player2,0.795977,0.650608,0.358017,0.342452
Home,,,1,531,8.85,,,,,0.792533,0.645219,,
Home,,,1,532,8.866667,,,,,0.788401,0.639831,,
Home,,,1,533,8.883333,,,,,0.78427,0.636242,,
Home,,,1,534,8.9,,,,,0.780655,0.63164,,
Home,,,1,535,8.916667,,,,,0.77704,0.627037,,
Home,,,1,536,8.933333,,,,,0.773424,0.622435,,
Home,,,1,537,8.95,,,,,0.769809,0.617833,,
Home,,,1,538,8.966667,,,,,0.766194,0.613232,,
Home,,,1,539,8.983333,,,,,0.762579,0.60863,,
Home,,,1,540,9.0,,,,,0.758964,0.604028,,
Home,,,1,541,9.016667,,,,,0.755349,0.599426,,
Home,,,1,542,9.033333,,,,,0.751734,0.594824,,
Home,,,1,543,9.05,,,,,0.748119,0.590222,,
Home,,,1,544,9.066667,,,,,0.744504,0.585621,,
Home,,,1,545,9.083333,,,,,0.740889,0.581019,,
Home,,,1,546,9.1,,,,,0.737274,0.576417,,
Home,,,1,547,9.116667,,,,,0.733659,0.571816,,
Home,,,1,548,9.133333,,,,,0.730044,0.567214,,
Home,,,1,549,9.15,,,,,0.726429,0.562613,,
Home,,,1,550,9.166667,,,,,0.723025,0.558623,,
Home,,,1,551,9.183333,,,,,0.719621,0.554633,,
Home,,,1,552,9.2,,,,,0.716217,0.550643,,
Home,,,1,553,9.216667,,,,,0.712813,0.546654,,
Home,,,1,554,9.233333,,,,,0.709409,0.542664,,
Home,,,1,555,9.25,,,,,0.706005,0.538674,,
Home,,,1,556,9.266667,,,,,0.702601,0.534685,,
Home,,,1,557,9.283333,,,,,0.699197,0.530695,,
Home,,,1,558,9.3,,,,,0.695793,0.526706,,
Home,,,1,559,9.316667,,,,,0.692389,0.522716,,
Home,,,1,560,9.333333,,,,,0.688985,0.518727,,
Home,,,1,561,9.35,,,,,0.685582,0.514738,,
Home,,,1,562,9.366667,,,,,0.682178,0.510748,,
Home,,,1,563,9.383333,,,,,0.678774,0.506759,,
Home,,,1,564,9.4,,,,,0.675371,0.50277,,
Home,,,1,565,9.416667,,,,,0.671967,0.49878,,
Home,,,1,566,9.433333,,,,,0.668563,0.494791,,
Home,,,1,567,9.45,,,,,0.66516,0.490802,,
Home,,,1,568,9.466667,,,,,0.662031,0.487703,,
Home,,,1,569,9.483333,,,,,0.658903,0.484603,,
Home,,,1,570,9.5,,,,,0.655775,0.481504,,
Home,,,1,571,9.516667,,,,,0.652647,0.478405,,
Home,,,1,572,9.533333,,,,,0.649519,0.475306,,
Home,,,1,573,9.55,,,,,0.646391,0.472206,,
Home,,,1,574,9.566667,,,,,0.643262,0.469107,,
Home,,,1,575,9.583333,,,,,0.640134,0.466008,,
Home,,,1,576,9.6,,,,,0.637006,0.462909,,
Home,,,1,577,9.616667,,,,,0.633878,0.45981,,
Home,,,1,578,9.633333,,,,,0.630751,0.456711,,
Home,,,1,579,9.65,,,,,0.627654,0.453796,,
Home,,,1,580,9.666667,,,,,0.624558,0.450881,,
Home,,,1,581,9.683333,,,,,0.621462,0.447967,,
Home,,,1,582,9.7,,,,,0.618365,0.445052,,
Home,,,1,583,9.716667,,,,,0.615269,0.442137,,
Home,,,1,584,9.733333,,,,,0.612173,0.439222,,
Home,,,1,585,9.75,,,,,0.609077,0.436307,,
Home,,,1,586,9.766667,,,,,0.60598,0.433393,,
Home,,,1,587,9.783333,,,,,0.602836,0.431089,,
Home,,,1,588,9.8,,,,,0.599692,0.428785,,
Home,,,1,589,9.816667,,,,,0.596547,0.426481,,
Home,,,1,590,9.833333,,,,,0.593403,0.424177,,
Home,,,1,591,9.85,,,,,0.590259,0.421873,,
Home,,,1,592,9.866667,,,,,0.587115,0.419569,,
Home,,,1,593,9.883333,,,,,0.583971,0.417265,,
Home,,,1,594,9.9,,,,,0.580914,0.415075,,
Home,,,1,595,9.916667,,,,,0.577857,0.412885,,
Home,,,1,596,9.933333,,,,,0.574801,0.410696,,
Home,,,1,597,9.95,,,,,0.571744,0.408506,,
Home,,,1,598,9.966667,,,,,0.568688,0.406316,,
Home,,,1,599,9.983333,,,,,0.565632,0.404127,,
Home,,,1,600,10.0,,,,,0.562575,0.401937,,
Home,,,1,601,10.016667,,,,,0.559519,0.399748,,
Home,,,1,602,10.033333,,,,,0.556463,0.397558,,
Home,,,1,603,10.05,,,,,0.553483,0.395568,,
Home,,,1,604,10.066667,,,,,0.550504,0.393579,,
Home,,,1,605,10.083333,,,,,0.547524,0.391589,,
Home,,,1,606,10.1,,,,,0.544545,0.389599,,
Home,,,1,607,10.116667,,,,,0.541565,0.38761,,
Home,,,1,608,10.133333,,,,,0.538586,0.38562,,
Home,,,1,609,10.15,,,,,0.535607,0.383631,,
Home,,,1,610,10.166667,,,,,0.532628,0.381641,,
Home,,,1,611,10.183333,,,,,0.529648,0.379651,,
Home,,,1,612,10.2,,,,,0.526898,0.377461,,
Home,,,1,613,10.216667,,,,,0.524148,0.375271,,
Home,,,1,614,10.233333,,,,,0.521397,0.373081,,
Home,,,1,615,10.25,,,,,0.518647,0.370891,,
Home,,,1,616,10.266667,,,,,0.515897,0.368701,,
Home,,,1,617,10.283333,,,,,0.513146,0.366511,,
Home,,,1,618,10.3,,,,,0.510396,0.364321,,
Home,,,1,619,10.316667,,,,,0.507646,0.362131,,
Home,,,1,620,10.333333,,,,,0.504896,0.359941,,
Home,,,1,621,10.35,,,,,0.50196,0.358479,,
Home,,,1,622,10.366667,,,,,0.499023,0.357017,,
Home,,,1,623,10.383333,,,,,0.496087,0.355555,,
Home,,,1,624,10.4,,,,,0.493151,0.354093,,
Home,,,1,625,10.416667,,,,,0.490215,0.352631,,
Home,,,1,626,10.433333,,,,,0.487279,0.351168,,
Home,,,1,627,10.45,,,,,0.484343,0.349706,,
Home,,,1,628,10.466667,,,,,0.481408,0.348244,,
Home,,,1,629,10.483333,,,,,0.478472,0.346782,,
Home,,,1,630,10.5,,,,,0.475536,0.34532,,
Home,,,1,631,10.516667,,,,,0.4726,0.343858,,
Home,,,1,632,10.533333,,,,,0.469853,0.343148,,
Home,,,1,633,10.55,,,,,0.467106,0.342438,,
Home,,,1,634,10.566667,,,,,0.464359,0.341728,,
Home,,,1,635,10.583333,,,,,0.461612,0.341017,,
Home,,,1,636,10.6,,,,,0.458865,0.340307,,
Home,,,1,637,10.616667,,,,,0.456118,0.339597,,
Home,,,1,638,10.633333,,,,,0.453372,0.338887,,
Home,,,1,639,10.65,,,,,0.450625,0.338177,,
Home,,,1,640,10.666667,,,,,0.447878,0.337467,,
Home,,,1,641,10.683333,,,,,0.445132,0.336757,,
Home,,,1,642,10.7,,,,,0.442386,0.336166,,
Home,,,1,643,10.716667,,,,,0.439639,0.335576,,
Home,,,1,644,10.733333,,,,,0.436893,0.334986,,
Home,,,1,645,10.75,,,,,0.434147,0.334396,,
Home,,,1,646,10.766667,,,,,0.431401,0.333806,,
Home,,,1,647,10.783333,,,,,0.428655,0.333216,,
Home,,,1,648,10.8,,,,,0.425911,0.333585,,
Home,,,1,649,10.816667,,,,,0.423167,0.333955,,
Home,,,1,650,10.833333,,,,,0.420423,0.334324,,
Home,,,1,651,10.85,,,,,0.417679,0.334693,,
Home,,,1,652,10.866667,,,,,0.414935,0.335062,,
Home,,,1,653,10.883333,,,,,0.412191,0.335372,,
Home,,,1,654,10.9,,,,,0.409447,0.335681,,
Home,,,1,655,10.916667,,,,,0.406703,0.33599,,
Home,,,1,656,10.933333,,,,,0.40396,0.336299,,
Home,,,1,657,10.95,,,,,0.401216,0.336608,,
Home,,,1,658,10.966667,,,,,0.398473,0.336918,,
Home,,,1,659,10.983333,,,,,0.395901,0.337376,,
Home,,,1,660,11.0,,,,,0.393329,0.337835,,
Home,,,1,661,11.016667,,,,,0.390758,0.338293,,
Home,,,1,662,11.033333,,,,,0.388186,0.338752,,
Home,,,1,663,11.05,,,,,0.385272,0.339211,,
Home,,,1,664,11.066667,,,,,0.382358,0.339671,,
Home,,,1,665,11.083333,,,,,0.379444,0.340131,,
Home,,,1,666,11.1,,,,,0.37653,0.34059,,
Home,,,1,667,11.116667,,,,,0.373788,0.341319,,
Home,,,1,668,11.133333,,,,,0.371046,0.342048,,
Home,,,1,669,11.15,,,,,0.368304,0.342776,,
Home,,,1,670,11.166667,,,,,0.365563,0.343505,,
Home,,,1,671,11.183333,,,,,0.362821,0.344234,,
Home,,,1,672,11.2,,,,,0.36122,0.34364,,
Home,,,1,673,11.216667,,,,,0.359619,0.343046,,
Home,,,1,674,11.233333,,,,,0.358017,0.342452,,
Home,,,1,675,11.25,,,,,0.357259,0.340477,,
Home,,,1,676,11.266667,,,,,0.356501,0.338501,,
Home,,,1,677,11.283333,,,,,0.355743,0.336526,,
Home,,,1,678,11.3,,,,,0.354984,0.334551,,
Home,,,1,679,11.316667,,,,,0.354226,0.332575,,
Home,,,1,680,11.333333,,,,,0.353468,0.3306,,
Home,,,1,681,11.35,,,,,0.35271,0.328625,,
Home,,,1,682,11.366667,,,,,0.351952,0.326649,,
Home,,,1,683,11.383333,,,,,0.351193,0.324674,,
Home,,,1,684,11.4,,,,,0.350435,0.322699,,
Home,,,1,685,11.416667,,,,,0.349974,0.320902,,
Home,,,1,686,11.433333,,,,,0.349514,0.319105,,
Home,,,1,687,11.45,,,,,0.349053,0.317309,,
Home,,,1,688,11.466667,,,,,0.348705,0.314613,,
Home,,,1,689,11.483333,,,,,0.348357,0.311916,,
Home,,,1,690,11.5,,,,,0.348123,0.309519,,
Home,,,1,691,11.516667,,,,,0.34789,0.307122,,
Home,,,1,692,11.533333,,,,,0.347656,0.304725,,
Home,,,1,693,11.55,,,,,0.346847,0.299932,,
Home,,,1,694,11.566667,,,,,0.346037,0.29514,,
Home,,,1,695,11.583333,,,,,0.345227,0.290346,,
Home,,,1,696,11.6,,,,,0.344418,0.285553,,
Home,,,1,697,11.616667,,,,,0.343608,0.28076,,
Home,,,1,698,11.633333,,,,,0.342798,0.275967,,
Home,,,1,699,11.65,,,,,0.34217,0.273516,,
Home,,,1,700,11.666667,,,,,0.341542,0.271066,,
Home,,,1,701,11.683333,,,,,0.340913,0.268616,,
Home,,,1,702,11.7,,,,,0.340285,0.266165,,
Home,,,1,703,11.716667,,,,,0.339656,0.263715,,
Home,,,1,704,11.733333,,,,,0.339028,0.261264,,
Home,,,1,705,11.75,,,,,0.3384,0.258814,,
Home,,,1,706,11.766667,,,,,0.337771,0.256363,,
Home,,,1,707,11.783333,,,,,0.337143,0.253913,,
Home,,,1,708,11.8,,,,,0.336514,0.251462,,
Home,,,1,709,11.816667,,,,,0.335886,0.249011,,
Home,,,1,710,11.833333,,,,,0.335694,0.248512,,
Home,,,1,711,11.85,,,,,0.335503,0.248013,,
Home,,,1,712,11.866667,,,,,0.335311,0.247515,,
Home,,,1,713,11.883333,,,,,0.33512,0.247016,,
Home,,,1,714,11.9,,,,,0.334928,0.246517,,
Home,,,1,715,11.916667,,,,,0.334737,0.246018,,
Home,,,1,716,11.933333,,,,,0.334545,0.245519,,
Home,,,1,717,11.95,,,,,0.334354,0.24502,,
Home,,,1,718,11.966667,,,,,0.334162,0.244521,,
Home,,,1,719,11.983333,,,,,0.333971,0.244022,,
Home,,,1,720,12.0,,,,,0.333779,0.243523,,
Home,,,1,721,12.016667,,,,,0.333588,0.243024,,
Home,,,1,722,12.033333,,,,,0.333396,0.242525,,
Home,,,1,723,12.05,,,,,0.333205,0.242026,,
Home,,,1,724,12.066667,,,,,0.333013,0.241527,,
Home,,,1,725,12.083333,,,,,0.332822,0.241028,,
Home,,,1,726,12.1,,,,,0.33263,0.240529,,
Home,,,1,727,12.116667,,,,,0.332439,0.24003,,
Home,,,1,728,12.133333,,,,,0.332525,0.240287,,
Home,,,1,729,12.15,,,,,0.332611,0.240543,,
Home,,,1,730,12.166667,,,,,0.332698,0.2408,,
Home,,,1,731,12.183333,,,,,0.332784,0.241057,,
Home,,,1,732,12.2,,,,,0.33287,0.241314,,
Home,,,1,733,12.216667,,,,,0.332956,0.24157,,
Home,,,1,734,12.233333,,,,,0.333043,0.241827,,
Home,,,1,735,12.25,,,,,0.333129,0.242083,,
Home,,,1,736,12.266667,,,,,0.333215,0.24234,,
Home,,,1,737,12.283333,,,,,0.333301,0.242597,,
Home,,,1,738,12.3,,,,,0.333388,0.242853,,
Home,,,1,739,12.316667,,,,,0.333474,0.24311,,
Home,,,1,740,12.333333,,,,,0.33356,0.243367,,
Home,,,1,741,12.35,,,,,0.333646,0.243623,,
Home,,,1,742,12.366667,,,,,0.333733,0.24388,,
Home,,,1,743,12.383333,,,,,0.333819,0.244137,,
Home,,,1,744,12.4,,,,,0.333905,0.244393,,
Home,,,1,745,12.416667,,,,,0.333991,0.24465,,
Home,,,1,746,12.433333,,,,,0.334077,0.244907,,
Home,,,1,747,12.45,,,,,0.334164,0.245163,,
Home,,,1,748,12.466667,,,,,0.33425,0.24542,,
Home,,,1,749,12.483333,,,,,0.334336,0.245677,,
Home,,,1,750,12.5,,,,,0.334423,0.245933,,
Home,,,1,751,12.516667,,,,,0.334509,0.24619,,
Home,,,1,752,12.533333,,,,,0.334595,0.246446,,
Home,,,1,753,12.55,,,,,0.334681,0.246703,,
Home,,,1,754,12.566667,,,,,0.334767,0.24696,,
Home,,,1,755,12.583333,,,,,0.334854,0.247216,,
Home,,,1,756,12.6,,,,,0.33494,0.247473,,
Home,,,1,757,12.616667,,,,,0.335026,0.24773,,
Home,,,1,758,12.633333,,,,,0.335112,0.247986,,
Home,,,1,759,12.65,,,,,0.335199,0.248243,,
Home,,,1,760,12.666667,,,,,0.335285,0.2485,,
Home,,,1,761,12.683333,,,,,0.335371,0.248756,,
Home,,,1,762,12.7,,,,,0.335457,0.249013,,
Home,,,1,763,12.716667,,,,,0.335544,0.24927,,
Home,,,1,764,12.733333,,,,,0.33563,0.249526,,
Home,,,1,765,12.75,,,,,0.335716,0.249783,,
Home,,,1,766,12.766667,,,,,0.335802,0.25004,,
Home,,,1,767,12.783333,,,,,0.335889,0.250296,,
Home,,,1,768,12.8,,,,,0.335975,0.250553,,
Home,,,1,769,12.816667,,,,,0.336061,0.25081,,
Home,,,1,770,12.833333,,,,,0.336147,0.251066,,
Home,,,1,771,12.85,,,,,0.336234,0.251323,,
Home,,,1,772,12.866667,,,,,0.33632,0.25158,,
Home,,,1,773,12.883333,,,,,0.336406,0.251836,,
Home,,,1,774,12.9,,,,,0.336492,0.252093,,
Home,,,1,775,12.916667,,,,,0.336579,0.252349,,
Home,,,1,776,12.933333,,,,,0.336665,0.252606,,
Home,,,1,777,12.95,,,,,0.336751,0.252863,,
Home,,,1,778,12.966667,,,,,0.336837,0.253119,,
Home,,,1,779,12.983333,,,,,0.336924,0.253376,,
Home,,,1,780,13.0,,,,,0.33701,0.253633,,
Home,,,1,781,13.016667,,,,,0.337096,0.253889,,
Home,,,1,782,13.033333,,,,,0.337182,0.254146,,
Home,,,1,783,13.05,,,,,0.337269,0.254403,,
Home,,,1,784,13.066667,,,,,0.33704,0.254404,,
Home,,,1,785,13.083333,,,,,0.336811,0.254404,,
Home,,,1,786,13.1,,,,,0.336583,0.254405,,
Home,,,1,787,13.116667,,,,,0.336354,0.254406,,
Home,,,1,788,13.133333,,,,,0.336126,0.254407,,
Home,,,1,789,13.15,,,,,0.335897,0.254408,,
Home,,,1,790,13.166667,,,,,0.33498,0.253012,,
Home,,,1,791,13.183333,,,,,0.334063,0.251617,,
Home,,,1,792,13.2,,,,,0.333146,0.250221,,
Home,,,1,793,13.216667,,,,,0.332228,0.248826,,
Home,,,1,794,13.233333,,,,,0.331311,0.24743,,
Home,,,1,795,13.25,,,,,0.330394,0.246035,,
Home,,,1,796,13.266667,,,,,0.329477,0.244639,,
Home,,,1,797,13.283333,,,,,0.32856,0.243244,,
Home,,,1,798,13.3,,,,,0.327642,0.241848,,
Home,,,1,799,13.316667,,,,,0.327293,0.238551,,
Home,,,1,800,13.333333,,,,,0.326943,0.235255,,
Home,,,1,801,13.35,,,,,0.326593,0.231958,,
Home,,,1,802,13.366667,,,,,0.326244,0.228661,,
Home,,,1,803,13.383333,,,,,0.325894,0.225364,,
Home,,,1,804,13.4,,,,,0.325544,0.222067,,
Home,,,1,805,13.416667,,,,,0.325675,0.218828,,
Home,,,1,806,13.433333,,,,,0.325805,0.215589,,
Home,,,1,807,13.45,,,,,0.325936,0.21235,,
Home,,,1,808,13.466667,,,,,0.326066,0.209111,,
Home,,,1,809,13.483333,,,,,0.326196,0.205872,,
Home,,,1,810,13.5,,,,,0.326765,0.20437,,
Home,,,1,811,13.516667,,,,,0.327333,0.202868,,
Home,,,1,812,13.533333,,,,,0.327902,0.201366,,
Home,,,1,813,13.55,,,,,0.32847,0.199865,,
Home,,,1,814,13.566667,,,,,0.329039,0.198363,,
Home,,,1,815,13.583333,,,,,0.329607,0.196861,,
Home,,,1,816,13.6,,,,,0.329834,0.19626,,
Home,,,1,817,13.616667,,,,,0.330062,0.195659,,
Home,,,1,818,13.633333,,,,,0.330289,0.195059,,
Home,,,1,819,13.65,,,,,0.329941,0.192361,,
Home,,,1,820,13.666667,,,,,0.329592,0.189663,,
Home,,,1,821,13.683333,,,,,0.32856,0.187868,,
Home,,,1,822,13.7,,,,,0.327527,0.186073,,
Home,,,1,823,13.716667,,,,,0.326838,0.184276,,
Home,,,1,824,13.733333,,,,,0.324773,0.180686,,
Home,,,1,825,13.75,,,,,0.322026,0.178898,,
Home,,,1,826,13.766667,,,,,0.320662,0.182503,,
Home,,,1,827,13.783333,,,,,0.317922,0.184314,,
Home,,,1,828,13.8,,,,,0.316901,0.187917,,
Home,,,1,829,13.816667,,,,,0.31588,0.19152,,
Home,,,1,830,13.833333,,,,,0.315891,0.196918,,
Home,,,1,831,13.85,,,,,0.315213,0.200519,,
Home,,,1,832,13.866667,,,,,0.316596,0.205911,,
Home,,,1,833,13.883333,,,,,0.316607,0.211309,,
Home,,,1,834,13.9,,,,,0.316615,0.214907,,
Home,,,1,835,13.916667,,,,,0.317998,0.220299,,
Home,,,1,836,13.933333,,,,,0.319377,0.223891,,
Home,,,1,837,13.95,,,,,0.321445,0.22928,,
Home,,,1,838,13.966667,,,,,0.322131,0.229277,,
Home,,,1,839,13.983333,,,,,0.322824,0.232872,,
Home,,,1,840,14.0,,,,,0.324203,0.236465,,
Home,,,1,841,14.016667,,,,,0.325063,0.238036,,
Home,,,1,842,14.033333,,,,,0.325924,0.239606,,
Home,,,1,843,14.05,,,,,0.326784,0.241177,,
Home,,,1,844,14.066667,,,,,0.327644,0.242747,,
Home,,,1,845,14.083333,,,,,0.328505,0.244318,,
Home,,,1,846,14.1,,,,,0.329365,0.245889,,
Home,,,1,847,14.116667,,,,,0.330225,0.247459,,
Home,,,1,848,14.133333,,,,,0.331086,0.24903,,
Home,,,1,849,14.15,,,,,0.331946,0.250601,,
Home,,,1,850,14.166667,,,,,0.332807,0.252171,,
Home,,,1,851,14.183333,,,,,0.333667,0.253742,,
Home,,,1,852,14.2,,,,,0.334527,0.255313,,
Home,,,1,853,14.216667,,,,,0.335388,0.256883,,
Home,,,1,854,14.233333,,,,,0.336248,0.258454,,
Home,,,1,855,14.25,,,,,0.337109,0.260025,,
Home,,,1,856,14.266667,,,,,0.337969,0.261595,,
Home,,,1,857,14.283333,,,,,0.338142,0.262269,,
Home,,,1,858,14.3,,,,,0.338315,0.262943,,
Home,,,1,859,14.316667,,,,,0.338487,0.263617,,
Home,,,1,860,14.333333,,,,,0.33866,0.264291,,
Home,,,1,861,14.35,,,,,0.338833,0.264965,,
Home,,,1,862,14.366667,,,,,0.339006,0.265639,,
Home,,,1,863,14.383333,,,,,0.339179,0.266312,,
Home,,,1,864,14.4,,,,,0.339351,0.266986,,
Home,,,1,865,14.416667,,,,,0.339524,0.26766,,
Home,,,1,866,14.433333,,,,,0.339697,0.268334,,
Home,,,1,867,14.45,,,,,0.33987,0.269008,,
Home,,,1,868,14.466667,,,,,0.340043,0.269682,,
Home,,,1,869,14.483333,,,,,0.340215,0.270356,,
Home,,,1,870,14.5,,,,,0.340388,0.271029,,
Home,,,1,871,14.516667,,,,,0.340561,0.271703,,
Home,,,1,872,14.533333,,,,,0.340734,0.272377,,
Home,,,1,873,14.55,,,,,0.340735,0.273195,,
Home,,,1,874,14.566667,,,,,0.340737,0.274012,,
Home,,,1,875,14.583333,,,,,0.340739,0.27483,,
Home,,,1,876,14.6,,,,,0.34074,0.275647,,
Home,,,1,877,14.616667,,,,,0.340742,0.276465,,
Home,,,1,878,14.633333,,,,,0.340744,0.277283,,
Home,,,1,879,14.65,,,,,0.340745,0.2781,,
Home,,,1,880,14.666667,,,,,0.340747,0.278918,,
Home,,,1,881,14.683333,,,,,0.340749,0.279735,,
Home,,,1,882,14.7,,,,,0.34075,0.280553,,
Home,,,1,883,14.716667,,,,,0.340752,0.28137,,
Home,,,1,884,14.733333,,,,,0.340675,0.280971,,
Home,,,1,885,14.75,,,,,0.340598,0.280571,,
Home,,,1,886,14.766667,,,,,0.340521,0.280172,,
Home,,,1,887,14.783333,,,,,0.340444,0.279773,,
Home,,,1,888,14.8,,,,,0.340367,0.279373,,
Home,,,1,889,14.816667,,,,,0.34029,0.278974,,
Home,,,1,890,14.833333,,,,,0.340213,0.278575,,
Home,,,1,891,14.85,,,,,0.340136,0.278175,,
Home,,,1,892,14.866667,,,,,0.340059,0.277776,,
Home,,,1,893,14.883333,,,,,0.339996,0.277612,,
Home,,,1,894,14.9,,,,,0.339934,0.277449,,
Home,,,1,895,14.916667,,,,,0.339871,0.277286,,
Home,,,1,896,14.933333,,,,,0.339808,0.277123,,
Home,,,1,897,14.95,,,,,0.339746,0.276959,,
Home,,,1,898,14.966667,,,,,0.339683,0.276796,,
Home,,,1,899,14.983333,,,,,0.33962,0.276633,,
Home,,,1,900,15.0,,,,,0.339558,0.276469,,
Home,,,1,901,15.016667,,,,,0.339495,0.276306,,
Home,,,1,902,15.033333,,,,,0.339432,0.276143,,
Home,,,1,903,15.05,,,,,0.33937,0.27598,,
Home,,,1,904,15.066667,,,,,0.339916,0.274898,,
Home,,,1,905,15.083333,,,,,0.340462,0.273817,,
Home,,,1,906,15.1,,,,,0.341009,0.272736,,
Home,,,1,907,15.116667,,,,,0.341555,0.271654,,
Home,,,1,908,15.133333,,,,,0.342102,0.270573,,
Home,,,1,909,15.15,,,,,0.343475,0.271467,,
Home,,,1,910,15.166667,,,,,0.344848,0.272362,,
Home,,,1,911,15.183333,,,,,0.346222,0.273256,,
Home,,,1,912,15.2,,,,,0.347595,0.27415,,
Home,,,1,913,15.216667,,,,,0.349198,0.275343,,
Home,PASS,,1,914,15.233333,950,15.83333,Player2,Player1,0.3508,0.276536,0.403866,0.28501
Home,,,1,915,15.25,,,,,0.352403,0.277729,,
Home,,,1,916,15.266667,,,,,0.354005,0.278922,,
Home,,,1,917,15.283333,,,,,0.355608,0.280116,,
Home,,,1,918,15.3,,,,,0.357211,0.281309,,
Home,,,1,919,15.316667,,,,,0.35872,0.281663,,
Home,,,1,920,15.333333,,,,,0.36023,0.282017,,
Home,,,1,921,15.35,,,,,0.361739,0.282371,,
Home,,,1,922,15.366667,,,,,0.363249,0.282725,,
Home,,,1,923,15.383333,,,,,0.364759,0.283079,,
Home,,,1,924,15.4,,,,,0.366268,0.283434,,
Home,,,1,925,15.416667,,,,,0.367778,0.283788,,
Home,,,1,926,15.433333,,,,,0.369288,0.284142,,
Home,,,1,927,15.45,,,,,0.370798,0.284496,,
Home,,,1,928,15.466667,,,,,0.372307,0.28485,,
Home,,,1,929,15.483333,,,,,0.373817,0.285204,,
Home,,,1,930,15.5,,,,,0.375327,0.285558,,
Home,,,1,931,15.516667,,,,,0.376837,0.285913,,
Home,,,1,932,15.533333,,,,,0.378346,0.286267,,
Home,,,1,933,15.55,,,,,0.379856,0.286621,,
Home,,,1,934,15.566667,,,,,0.381366,0.286975,,
Home,,,1,935,15.583333,,,,,0.382876,0.287329,,
Home,,,1,936,15.6,,,,,0.384386,0.287683,,
Home,,,1,937,15.616667,,,,,0.385896,0.288038,,
Home,,,1,938,15.633333,,,,,0.387406,0.288392,,
Home,,,1,939,15.65,,,,,0.388777,0.28811,,
Home,,,1,940,15.666667,,,,,0.390149,0.287828,,
Home,,,1,941,15.683333,,,,,0.39152,0.287546,,
Home,,,1,942,15.7,,,,,0.392892,0.287265,,
Home,,,1,943,15.716667,,,,,0.394264,0.286983,,
Home,,,1,944,15.733333,,,,,0.395635,0.286701,,
Home,,,1,945,15.75,,,,,0.397007,0.286419,,
Home,,,1,946,15.766667,,,,,0.398379,0.286137,,
Home,,,1,947,15.783333,,,,,0.39975,0.285855,,
Home,,,1,948,15.8,,,,,0.401122,0.285573,,
Home,,,1,949,15.816667,,,,,0.402494,0.285291,,
Home,,,1,950,15.833333,,,,,0.403866,0.28501,,
Home,,,1,951,15.85,,,,,0.405237,0.284728,,
Home,,,1,952,15.866667,,,,,0.404803,0.281806,,
Home,,,1,953,15.883333,,,,,0.404369,0.278884,,
Home,,,1,954,15.9,,,,,0.403935,0.275962,,
Home,,,1,955,15.916667,,,,,0.403501,0.273039,,
Home,,,1,956,15.933333,,,,,0.403066,0.270117,,
Home,,,1,957,15.95,,,,,0.402632,0.267195,,
Home,,,1,958,15.966667,,,,,0.402198,0.264273,,
Home,,,1,959,15.983333,,,,,0.401764,0.26135,,
Home,,,1,960,16.0,,,,,0.400844,0.258955,,
Home,,,1,961,16.016667,,,,,0.399925,0.256559,,
Home,,,1,962,16.033333,,,,,0.399006,0.254164,,
Home,,,1,963,16.05,,,,,0.398545,0.252366,,
Home,,,1,964,16.066667,,,,,0.398084,0.250568,,
Home,,,1,965,16.083333,,,,,0.397623,0.248771,,
Home,,,1,966,16.1,,,,,0.396936,0.247874,,
Home,,,1,967,16.116667,,,,,0.396248,0.246977,,
Home,,,1,968,16.133333,,,,,0.395901,0.245178,,
Home,,,1,969,16.15,,,,,0.395555,0.24338,,
Home,,,1,970,16.166667,,,,,0.395548,0.239781,,
Home,,,1,971,16.183333,,,,,0.394169,0.236188,,
Home,,,1,972,16.2,,,,,0.393476,0.232591,,
Home,,,1,973,16.216667,,,,,0.392783,0.228995,,
Home,,,1,974,16.233333,,,,,0.392437,0.227196,,
Home,,,1,975,16.25,,,,,0.39209,0.225398,,
Home,,,1,976,16.266667,,,,,0.390708,0.220004,,
Home,,,1,977,16.283333,,,,,0.389672,0.216409,,
Home,,,1,978,16.3,,,,,0.388636,0.212814,,
Home,,,1,979,16.316667,,,,,0.3876,0.209219,,
Home,,,1,980,16.333333,,,,,0.386564,0.205623,,
Home,,,1,981,16.35,,,,,0.386215,0.202925,,
Home,,,1,982,16.366667,,,,,0.385867,0.200226,,
Home,,,1,983,16.383333,,,,,0.385171,0.19483,,
Home,,,1,984,16.4,,,,,0.384474,0.189433,,
Home,,,1,985,16.416667,,,,,0.384469,0.186733,,
Home,,,1,986,16.433333,,,,,0.384464,0.184033,,
Home,,,1,987,16.45,,,,,0.384457,0.180432,,
Home,,,1,988,16.466667,,,,,0.38445,0.176832,,
Home,,,1,989,16.483333,,,,,0.384447,0.175032,,
Home,,,1,990,16.5,,,,,0.384444,0.173232,,
Home,,,1,991,16.516667,,,,,0.38444,0.171432,,
Home,,,1,992,16.533333,,,,,0.384437,0.169631,,
Home,,,1,993,16.55,,,,,0.383862,0.167834,,
Home,,,1,994,16.566667,,,,,0.383286,0.166036,,
Home,,,1,995,16.583333,,,,,0.382711,0.164238,,
Home,,,1,996,16.6,,,,,0.382136,0.16244,,
Home,,,1,997,16.616667,,,,,0.38156,0.160643,,
Home,,,1,998,16.633333,,,,,0.380985,0.158845,,
Home,,,1,999,16.65,,,,,0.380295,0.157047,,
Home,,,1,1000,16.666667,,,,,0.379606,0.15525,,
Home,,,1,1001,16.683333,,,,,0.378916,0.153453,,
Home,,,1,1002,16.7,,,,,0.378226,0.151656,,
Home,,,1,1003,16.716667,,,,,0.377537,0.149858,,
Home,,,1,1004,16.733333,,,,,0.376847,0.148061,,
Home,,,1,1005,16.75,,,,,0.376157,0.146264,,
Home,,,1,1006,16.766667,,,,,0.375468,0.144466,,
Home,,,1,1007,16.783333,,,,,0.374778,0.142669,,
Home,,,1,1008,16.8,,,,,0.374088,0.140871,,
Home,,,1,1009,16.816667,,,,,0.373398,0.139074,,
Home,,,1,1010,16.833333,,,,,0.372713,0.139677,,
Home,,,1,1011,16.85,,,,,0.372028,0.14028,,
Home,,,1,1012,16.866667,,,,,0.371343,0.140884,,
Home,,,1,1013,16.883333,,,,,0.371351,0.144934,,
Home,,,1,1014,16.9,,,,,0.371359,0.148985,,
Home,,,1,1015,16.916667,,,,,0.371367,0.153036,,
Home,,,1,1016,16.933333,,,,,0.371374,0.157086,,
Home,,,1,1017,16.95,,,,,0.372182,0.160683,,
Home,,,1,1018,16.966667,,,,,0.37299,0.16428,,
Home,,,1,1019,16.983333,,,,,0.373797,0.167877,,
Home,,,1,1020,17.0,,,,,0.374604,0.171474,,
Home,,,1,1021,17.016667,,,,,0.375412,0.175071,,
Home,,,1,1022,17.033333,,,,,0.376219,0.178667,,
Home,,,1,1023,17.05,,,,,0.377594,0.179562,,
Home,,,1,1024,17.066667,,,,,0.378968,0.180456,,
Home,,,1,1025,17.083333,,,,,0.380342,0.18135,,
Home,,,1,1026,17.1,,,,,0.381716,0.182244,,
Home,,,1,1027,17.116667,,,,,0.382815,0.182959,,
Home,,,1,1028,17.133333,,,,,0.383914,0.183675,,
Home,,,1,1029,17.15,,,,,0.385014,0.18439,,
Home,,,1,1030,17.166667,,,,,0.386113,0.185106,,
Home,,,1,1031,17.183333,,,,,0.387212,0.185821,,
Home,,,1,1032,17.2,,,,,0.387509,0.186848,,
Home,,,1,1033,17.216667,,,,,0.387805,0.187876,,
Home,,,1,1034,17.233333,,,,,0.388101,0.188903,,
Home,,,1,1035,17.25,,,,,0.388397,0.18993,,
Home,,,1,1036,17.266667,,,,,0.388693,0.190958,,
Home,,,1,1037,17.283333,,,,,0.388989,0.191985,,
Home,,,1,1038,17.3,,,,,0.389285,0.193013,,
Home,,,1,1039,17.316667,,,,,0.388948,0.196614,,
Home,,,1,1040,17.333333,,,,,0.388612,0.200215,,
Home,,,1,1041,17.35,,,,,0.388276,0.203816,,
Home,,,1,1042,17.366667,,,,,0.387939,0.207417,,
Home,,,1,1043,17.383333,,,,,0.387947,0.211317,,
Home,,,1,1044,17.4,,,,,0.387954,0.215216,,
Home,,,1,1045,17.416667,,,,,0.387961,0.219116,,
Home,,,1,1046,17.433333,,,,,0.387969,0.223015,,
Home,,,1,1047,17.45,,,,,0.387976,0.226914,,
Home,,,1,1048,17.466667,,,,,0.387983,0.230813,,
Home,,,1,1049,17.483333,,,,,0.387483,0.238463,,
Home,,,1,1050,17.5,,,,,0.386983,0.246113,,
Home,,,1,1051,17.516667,,,,,0.386483,0.253762,,
Home,,,1,1052,17.533333,,,,,0.385983,0.261411,,
Home,,,1,1053,17.55,,,,,0.383942,0.270864,,
Home,PASS,,1,1054,17.566667,1122,18.7,Player1,Player0,0.381902,0.280317,0.274108,0.827293
Home,,,1,1055,17.583333,,,,,0.379862,0.289769,,
Home,,,1,1056,17.6,,,,,0.377822,0.29922,,
Home,,,1,1057,17.616667,,,,,0.375955,0.308895,,
Home,,,1,1058,17.633333,,,,,0.374087,0.318569,,
Home,,,1,1059,17.65,,,,,0.37222,0.328242,,
Home,,,1,1060,17.666667,,,,,0.370352,0.337914,,
Home,,,1,1061,17.683333,,,,,0.368485,0.347586,,
Home,,,1,1062,17.7,,,,,0.366618,0.357256,,
Home,,,1,1063,17.716667,,,,,0.364751,0.366927,,
Home,,,1,1064,17.733333,,,,,0.362884,0.376596,,
Home,,,1,1065,17.75,,,,,0.361145,0.385702,,
Home,,,1,1066,17.766667,,,,,0.359406,0.394808,,
Home,,,1,1067,17.783333,,,,,0.357667,0.403913,,
Home,,,1,1068,17.8,,,,,0.355929,0.413018,,
Home,,,1,1069,17.816667,,,,,0.35419,0.422121,,
Home,,,1,1070,17.833333,,,,,0.352451,0.431224,,
Home,,,1,1071,17.85,,,,,0.350713,0.440327,,
Home,,,1,1072,17.866667,,,,,0.348975,0.449428,,
Home,,,1,1073,17.883333,,,,,0.347237,0.458529,,
Home,,,1,1074,17.9,,,,,0.345499,0.46763,,
Home,,,1,1075,17.916667,,,,,0.343761,0.47673,,
Home,,,1,1076,17.933333,,,,,0.342023,0.485829,,
Home,,,1,1077,17.95,,,,,0.340285,0.494927,,
Home,,,1,1078,17.966667,,,,,0.338548,0.504025,,
Home,,,1,1079,17.983333,,,,,0.33681,0.513122,,
Home,,,1,1080,18.0,,,,,0.335073,0.522218,,
Home,,,1,1081,18.016667,,,,,0.333505,0.530079,,
Home,,,1,1082,18.033333,,,,,0.331937,0.537939,,
Home,,,1,1083,18.05,,,,,0.330368,0.545799,,
Home,,,1,1084,18.066667,,,,,0.3288,0.553658,,
Home,,,1,1085,18.083333,,,,,0.327233,0.561517,,
Home,,,1,1086,18.1,,,,,0.325665,0.569375,,
Home,,,1,1087,18.116667,,,,,0.324097,0.577232,,
Home,,,1,1088,18.133333,,,,,0.322529,0.58509,,
Home,,,1,1089,18.15,,,,,0.320962,0.592946,,
Home,,,1,1090,18.166667,,,,,0.319394,0.600802,,
Home,,,1,1091,18.183333,,,,,0.317827,0.608658,,
Home,,,1,1092,18.2,,,,,0.31626,0.616513,,
Home,,,1,1093,18.216667,,,,,0.314692,0.624368,,
Home,,,1,1094,18.233333,,,,,0.313125,0.632222,,
Home,,,1,1095,18.25,,,,,0.311558,0.640076,,
Home,,,1,1096,18.266667,,,,,0.309992,0.647929,,
Home,,,1,1097,18.283333,,,,,0.30858,0.655109,,
Home,,,1,1098,18.3,,,,,0.307169,0.662288,,
Home,,,1,1099,18.316667,,,,,0.305758,0.669466,,
Home,,,1,1100,18.333333,,,,,0.304347,0.676645,,
Home,,,1,1101,18.35,,,,,0.302936,0.683822,,
Home,,,1,1102,18.366667,,,,,0.301525,0.691,,
Home,,,1,1103,18.383333,,,,,0.300115,0.698177,,
Home,,,1,1104,18.4,,,,,0.298704,0.705354,,
Home,,,1,1105,18.416667,,,,,0.297293,0.71253,,
Home,,,1,1106,18.433333,,,,,0.295883,0.719706,,
Home,,,1,1107,18.45,,,,,0.294472,0.726881,,
Home,,,1,1108,18.466667,,,,,0.293062,0.734056,,
Home,,,1,1109,18.483333,,,,,0.29157,0.740513,,
Home,,,1,1110,18.5,,,,,0.290079,0.74697,,
Home,,,1,1111,18.516667,,,,,0.288587,0.753427,,
Home,,,1,1112,18.533333,,,,,0.287096,0.759883,,
Home,,,1,1113,18.55,,,,,0.285604,0.766339,,
Home,,,1,1114,18.566667,,,,,0.284327,0.773113,,
Home,,,1,1115,18.583333,,,,,0.283049,0.779887,,
Home,,,1,1116,18.6,,,,,0.281771,0.78666,,
Home,,,1,1117,18.616667,,,,,0.280494,0.793433,,
Home,,,1,1118,18.633333,,,,,0.279217,0.800206,,
Home,,,1,1119,18.65,,,,,0.277939,0.806978,,
Home,,,1,1120,18.666667,,,,,0.276662,0.81375,,
Home,,,1,1121,18.683333,,,,,0.275385,0.820521,,
Home,,,1,1122,18.7,,,,,0.274108,0.827293,,
Home,,,1,1123,18.716667,,,,,0.273514,0.829309,,
Home,,,1,1124,18.733333,,,,,0.27292,0.831325,,
Home,,,1,1125,18.75,,,,,0.272325,0.833342,,
Home,,,1,1126,18.766667,,,,,0.271731,0.835358,,
Home,,,1,1127,18.783333,,,,,0.271137,0.837375,,
Home,,,1,1128,18.8,,,,,0.270543,0.839391,,
Home,,,1,1129,18.816667,,,,,0.269949,0.841408,,
Home,,,1,1130,18.833333,,,,,0.269355,0.843424,,
Home,,,1,1131,18.85,,,,,0.268813,0.845843,,
Home,,,1,1132,18.866667,,,,,0.268272,0.848262,,
Home,,,1,1133,18.883333,,,,,0.26773,0.850682,,
Home,,,1,1134,18.9,,,,,0.267188,0.853101,,
Home,,,1,1135,18.916667,,,,,0.266646,0.85552,,
Home,,,1,1136,18.933333,,,,,0.266105,0.857939,,
Home,,,1,1137,18.95,,,,,0.265563,0.860358,,
Home,,,1,1138,18.966667,,,,,0.265021,0.862777,,
Home,,,1,1139,18.983333,,,,,0.264479,0.865196,,
Home,,,1,1140,19.0,,,,,0.263938,0.867615,,
Home,,,1,1141,19.016667,,,,,0.263396,0.870034,,
Home,,,1,1142,19.033333,,,,,0.262854,0.872452,,
Home,,,1,1143,19.05,,,,,0.262313,0.874871,,
Home,,,1,1144,19.066667,,,,,0.261771,0.87729,,
Home,,,1,1145,19.083333,,,,,0.261229,0.879708,,
Home,,,1,1146,19.1,,,,,0.260688,0.882127,,
Home,,,1,1147,19.116667,,,,,0.260146,0.884546,,
Home,,,1,1148,19.133333,,,,,0.259605,0.886964,,
Home,,,1,1149,19.15,,,,,0.259063,0.889383,,
Home,,,1,1150,19.166667,,,,,0.258521,0.891801,,
Home,,,1,1151,19.183333,,,,,0.258099,0.89404,,
Home,,,1,1152,19.2,,,,,0.257677,0.896279,,
Home,,,1,1153,19.216667,,,,,0.257255,0.898518,,
Home,,,1,1154,19.233333,,,,,0.256832,0.900757,,
Home,,,1,1155,19.25,,,,,0.25641,0.902996,,
Home,,,1,1156,19.266667,,,,,0.255988,0.905235,,
Home,,,1,1157,19.283333,,,,,0.255566,0.907474,,
Home,,,1,1158,19.3,,,,,0.255143,0.909713,,
Home,,,1,1159,19.316667,,,,,0.25495,0.910736,,
Home,,,1,1160,19.333333,,,,,0.254757,0.91176,,
Home,,,1,1161,19.35,,,,,0.254564,0.912783,,
Home,,,1,1162,19.366667,,,,,0.254371,0.913807,,
Home,,,1,1163,19.383333,,,,,0.254178,0.91483,,
Home,,,1,1164,19.4,,,,,0.253985,0.915854,,
Home,,,1,1165,19.416667,,,,,0.253792,0.916877,,
Home,,,1,1166,19.433333,,,,,0.253587,0.916877,,
Home,,,1,1167,19.45,,,,,0.253382,0.916877,,
Home,,,1,1168,19.466667,,,,,0.253177,0.916878,,
Home,,,1,1169,19.483333,,,,,0.252971,0.916878,,
Home,,,1,1170,19.5,,,,,0.252766,0.916878,,
Home,,,1,1171,19.516667,,,,,0.252561,0.916878,,
Home,,,1,1172,19.533333,,,,,0.252356,0.916878,,
Home,,,1,1173,19.55,,,,,0.252151,0.916878,,
Home,,,1,1174,19.566667,,,,,0.251946,0.916878,,
Home,,,1,1175,19.583333,,,,,0.251741,0.916878,,
Home,,,1,1176,19.6,,,,,0.251654,0.916431,,
Home,,,1,1177,19.616667,,,,,0.251568,0.915983,,
Home,,,1,1178,19.633333,,,,,0.251481,0.915535,,
Home,,,1,1179,19.65,,,,,0.251395,0.915088,,
Home,,,1,1180,19.666667,,,,,0.251308,0.91464,,
Home,,,1,1181,19.683333,,,,,0.251222,0.914192,,
Home,,,1,1182,19.7,,,,,0.251135,0.913745,,
Home,,,1,1183,19.716667,,,,,0.251049,0.913297,,
Home,,,1,1184,19.733333,,,,,0.251346,0.91229,,
Home,,,1,1185,19.75,,,,,0.251642,0.911282,,
Home,,,1,1186,19.766667,,,,,0.251939,0.910275,,
Home,,,1,1187,19.783333,,,,,0.252236,0.909267,,
Home,,,1,1188,19.8,,,,,0.252533,0.90826,,
Home,,,1,1189,19.816667,,,,,0.25283,0.907252,,
Home,,,1,1190,19.833333,,,,,0.253127,0.906244,,
Home,,,1,1191,19.85,,,,,0.253423,0.905237,,
Home,,,1,1192,19.866667,,,,,0.25372,0.904229,,
Home,,,1,1193,19.883333,,,,,0.254017,0.903222,,
Home,,,1,1194,19.9,,,,,0.254314,0.902214,,
Home,,,1,1195,19.916667,,,,,0.254611,0.901206,,
Home,,,1,1196,19.933333,,,,,0.254908,0.900199,,
Home,,,1,1197,19.95,,,,,0.255205,0.899191,,
Home,,,1,1198,19.966667,,,,,0.255501,0.898184,,
Home,,,1,1199,19.983333,,,,,0.255798,0.897176,,
Home,,,1,1200,20.0,,,,,0.255797,0.896544,,
Home,,,1,1201,20.016667,,,,,0.255795,0.895912,,
Home,,,1,1202,20.033333,,,,,0.255794,0.89528,,
Home,,,1,1203,20.05,,,,,0.255793,0.894647,,
Home,,,1,1204,20.066667,,,,,0.255791,0.894015,,
Home,,,1,1205,20.083333,,,,,0.25579,0.893383,,
Home,,,1,1206,20.1,,,,,0.255788,0.892751,,
Home,,,1,1207,20.116667,,,,,0.255787,0.892119,,
Home,,,1,1208,20.133333,,,,,0.255785,0.891487,,
Home,,,1,1209,20.15,,,,,0.255784,0.890855,,
Home,,,1,1210,20.166667,,,,,0.255782,0.890222,,
Home,,,1,1211,20.183333,,,,,0.255781,0.88959,,
Home,,,1,1212,20.2,,,,,0.25578,0.888958,,
Home,,,1,1213,20.216667,,,,,0.255778,0.888326,,
Home,,,1,1214,20.233333,,,,,0.255777,0.887694,,
Home,,,1,1215,20.25,,,,,0.255775,0.887062,,
Home,,,1,1216,20.266667,,,,,0.255774,0.886429,,
Home,,,1,1217,20.283333,,,,,0.255771,0.885086,,
Home,,,1,1218,20.3,,,,,0.255768,0.883743,,
Home,,,1,1219,20.316667,,,,,0.255765,0.882399,,
Home,,,1,1220,20.333333,,,,,0.255761,0.881056,,
Home,,,1,1221,20.35,,,,,0.255758,0.879712,,
Home,,,1,1222,20.366667,,,,,0.255755,0.878369,,
Home,,,1,1223,20.383333,,,,,0.255752,0.877026,,
Home,,,1,1224,20.4,,,,,0.255749,0.875682,,
Home,,,1,1225,20.416667,,,,,0.25534,0.876041,,
Home,,,1,1226,20.433333,,,,,0.25493,0.876399,,
Home,,,1,1227,20.45,,,,,0.254521,0.876758,,
Home,,,1,1228,20.466667,,,,,0.254111,0.877116,,
Home,,,1,1229,20.483333,,,,,0.253702,0.877475,,
Home,,,1,1230,20.5,,,,,0.253292,0.877834,,
Home,,,1,1231,20.516667,,,,,0.252883,0.878192,,
Home,,,1,1232,20.533333,,,,,0.252473,0.87855,,
Home,,,1,1233,20.55,,,,,0.252064,0.878909,,
Home,,,1,1234,20.566667,,,,,0.251654,0.879268,,
Home,,,1,1235,20.583333,,,,,0.251245,0.879626,,
Home,,,1,1236,20.6,,,,,0.250835,0.879985,,
Home,,,1,1237,20.616667,,,,,0.250426,0.880343,,
Home,,,1,1238,20.633333,,,,,0.250016,0.880702,,
Home,,,1,1239,20.65,,,,,0.249607,0.88106,,
Home,,,1,1240,20.666667,,,,,0.249609,0.882254,,
Home,,,1,1241,20.683333,,,,,0.249612,0.883448,,
Home,,,1,1242,20.7,,,,,0.249615,0.884642,,
Home,,,1,1243,20.716667,,,,,0.249618,0.885837,,
Home,,,1,1244,20.733333,,,,,0.24962,0.887031,,
Home,,,1,1245,20.75,,,,,0.249623,0.888225,,
Home,,,1,1246,20.766667,,,,,0.250309,0.88912,,
Home,,,1,1247,20.783333,,,,,0.250995,0.890015,,
Home,,,1,1248,20.8,,,,,0.251681,0.89091,,
Home,,,1,1249,20.816667,,,,,0.252367,0.891805,,
Home,,,1,1250,20.833333,,,,,0.253165,0.892103,,
Home,,,1,1251,20.85,,,,,0.253964,0.892401,,
Home,,,1,1252,20.866667,,,,,0.254762,0.892699,,
Home,,,1,1253,20.883333,,,,,0.255561,0.892997,,
Home,,,1,1254,20.9,,,,,0.256359,0.893295,,
Home,,,1,1255,20.916667,,,,,0.257158,0.893593,,
Home,,,1,1256,20.933333,,,,,0.2575,0.893593,,
Home,,,1,1257,20.95,,,,,0.257842,0.893592,,
Home,,,1,1258,20.966667,,,,,0.258184,0.893592,,
Home,,,1,1259,20.983333,,,,,0.258526,0.893592,,
Home,,,1,1260,21.0,,,,,0.258867,0.893592,,
Home,,,1,1261,21.016667,,,,,0.259209,0.893592,,
Home,,,1,1262,21.033333,,,,,0.259637,0.893591,,
Home,,,1,1263,21.05,,,,,0.260064,0.893591,,
Home,,,1,1264,21.066667,,,,,0.260492,0.893591,,
Home,,,1,1265,21.083333,,,,,0.260919,0.89359,,
Home,,,1,1266,21.1,,,,,0.261347,0.89359,,
Home,,,1,1267,21.116667,,,,,0.261774,0.89359,,
Home,,,1,1268,21.133333,,,,,0.262201,0.89359,,
Home,,,1,1269,21.15,,,,,0.262629,0.893589,,
Home,,,1,1270,21.166667,,,,,0.262719,0.893112,,
Home,,,1,1271,21.183333,,,,,0.262809,0.892634,,
Home,,,1,1272,21.2,,,,,0.262899,0.892156,,
Home,,,1,1273,21.216667,,,,,0.262989,0.891679,,
Home,,,1,1274,21.233333,,,,,0.263079,0.891201,,
Home,,,1,1275,21.25,,,,,0.263169,0.890723,,
Home,,,1,1276,21.266667,,,,,0.26326,0.890246,,
Home,,,1,1277,21.283333,,,,,0.26335,0.889768,,
Home,,,1,1278,21.3,,,,,0.26344,0.88929,,
Home,,,1,1279,21.316667,,,,,0.26353,0.888812,,
Home,,,1,1280,21.333333,,,,,0.26362,0.888335,,
Home,,,1,1281,21.35,,,,,0.26371,0.887857,,
Home,,,1,1282,21.366667,,,,,0.2638,0.887379,,
Home,,,1,1283,21.383333,,,,,0.26389,0.886901,,
Home,,,1,1284,21.4,,,,,0.26398,0.886424,,
Home,,,1,1285,21.416667,,,,,0.264076,0.885656,,
Home,,,1,1286,21.433333,,,,,0.264172,0.884888,,
Home,,,1,1287,21.45,,,,,0.264268,0.884121,,
Home,,,1,1288,21.466667,,,,,0.264364,0.883353,,
Home,,,1,1289,21.483333,,,,,0.26446,0.882585,,
Home,,,1,1290,21.5,,,,,0.264556,0.881817,,
Home,,,1,1291,21.516667,,,,,0.264652,0.881049,,
Home,,,1,1292,21.533333,,,,,0.264748,0.880282,,
Home,,,1,1293,21.55,,,,,0.264844,0.879514,,
Home,,,1,1294,21.566667,,,,,0.26494,0.878746,,
Home,,,1,1295,21.583333,,,,,0.265036,0.877978,,
Home,,,1,1296,21.6,,,,,0.265132,0.877211,,
Home,,,1,1297,21.616667,,,,,0.265228,0.876443,,
Home,,,1,1298,21.633333,,,,,0.265324,0.875675,,
Home,,,1,1299,21.65,,,,,0.26542,0.874907,,
Home,,,1,1300,21.666667,,,,,0.265516,0.87414,,
Home,,,1,1301,21.683333,,,,,0.265612,0.873372,,
Home,,,1,1302,21.7,,,,,0.265708,0.872604,,
Home,,,1,1303,21.716667,,,,,0.265804,0.871836,,
Home,,,1,1304,21.733333,,,,,0.2659,0.871068,,
Home,,,1,1305,21.75,,,,,0.265996,0.8703,,
Home,,,1,1306,21.766667,,,,,0.265913,0.871271,,
Home,,,1,1307,21.783333,,,,,0.265829,0.872241,,
Home,,,1,1308,21.8,,,,,0.265746,0.873212,,
Home,,,1,1309,21.816667,,,,,0.265663,0.874182,,
Home,,,1,1310,21.833333,,,,,0.265579,0.875152,,
Home,,,1,1311,21.85,,,,,0.265496,0.876123,,
Home,,,1,1312,21.866667,,,,,0.265413,0.877093,,
Home,,,1,1313,21.883333,,,,,0.265329,0.878064,,
Home,,,1,1314,21.9,,,,,0.265246,0.879034,,
Home,,,1,1315,21.916667,,,,,0.265163,0.880004,,
Home,,,1,1316,21.933333,,,,,0.26508,0.880975,,
Home,,,1,1317,21.95,,,,,0.264996,0.881945,,
Home,,,1,1318,21.966667,,,,,0.264913,0.882915,,
Home,,,1,1319,21.983333,,,,,0.26483,0.883886,,
Home,,,1,1320,22.0,,,,,0.264746,0.884856,,
Home,,,1,1321,22.016667,,,,,0.264663,0.885826,,
Home,,,1,1322,22.033333,,,,,0.26458,0.886796,,
Home,,,1,1323,22.05,,,,,0.264496,0.887767,,
Home,,,1,1324,22.066667,,,,,0.264413,0.888737,,
Home,,,1,1325,22.083333,,,,,0.26433,0.889707,,
Home,,,1,1326,22.1,,,,,0.264246,0.890678,,
Home,,,1,1327,22.116667,,,,,0.264163,0.891648,,
Home,,,1,1328,22.133333,,,,,0.26408,0.892618,,
Home,,,1,1329,22.15,,,,,0.263997,0.893589,,
Home,,,1,1330,22.166667,,,,,0.26405,0.894002,,
Home,,,1,1331,22.183333,,,,,0.264104,0.894415,,
Home,,,1,1332,22.2,,,,,0.264157,0.894828,,
Home,,,1,1333,22.216667,,,,,0.264211,0.895242,,
Home,,,1,1334,22.233333,,,,,0.264264,0.895655,,
Home,,,1,1335,22.25,,,,,0.264318,0.896068,,
Home,,,1,1336,22.266667,,,,,0.264371,0.896482,,
Home,,,1,1337,22.283333,,,,,0.264425,0.896895,,
Home,,,1,1338,22.3,,,,,0.264479,0.897308,,
Home,,,1,1339,22.316667,,,,,0.264532,0.897722,,
Home,,,1,1340,22.333333,,,,,0.264586,0.898135,,
Home,,,1,1341,22.35,,,,,0.264639,0.898548,,
Home,,,1,1342,22.366667,,,,,0.264693,0.898961,,
Home,,,1,1343,22.383333,,,,,0.264765,0.897369,,
Home,,,1,1344,22.4,,,,,0.264837,0.895777,,
Home,,,1,1345,22.416667,,,,,0.26491,0.894185,,
Home,,,1,1346,22.433333,,,,,0.264982,0.892593,,
Home,,,1,1347,22.45,,,,,0.265055,0.891001,,
Home,,,1,1348,22.466667,,,,,0.265127,0.889408,,
Home,,,1,1349,22.483333,,,,,0.265199,0.887816,,
Home,,,1,1350,22.5,,,,,0.265272,0.886224,,
Home,,,1,1351,22.516667,,,,,0.265344,0.884632,,
Home,,,1,1352,22.533333,,,,,0.265568,0.88284,,
Home,,,1,1353,22.55,,,,,0.265792,0.881049,,
Home,,,1,1354,22.566667,,,,,0.266016,0.879257,,
Home,,,1,1355,22.583333,,,,,0.266354,0.877466,,
Home,,,1,1356,22.6,,,,,0.266692,0.875674,,
Home,,,1,1357,22.616667,,,,,0.267032,0.874778,,
Home,,,1,1358,22.633333,,,,,0.267372,0.873882,,
Home,,,1,1359,22.65,,,,,0.268054,0.872986,,
Home,,,1,1360,22.666667,,,,,0.268736,0.87209,,
Home,,,1,1361,22.683333,,,,,0.269189,0.870895,,
Home,,,1,1362,22.7,,,,,0.269642,0.8697,,
Home,,,1,1363,22.716667,,,,,0.270096,0.868506,,
Home,,,1,1364,22.733333,,,,,0.27055,0.867908,,
Home,,,1,1365,22.75,,,,,0.271005,0.867311,,
Home,,,1,1366,22.766667,,,,,0.27146,0.866713,,
Home,,,1,1367,22.783333,,,,,0.271733,0.866713,,
Home,,,1,1368,22.8,,,,,0.272007,0.866713,,
Home,,,1,1369,22.816667,,,,,0.27228,0.866713,,
Home,,,1,1370,22.833333,,,,,0.272554,0.866712,,
Home,,,1,1371,22.85,,,,,0.272828,0.866712,,
Home,,,1,1372,22.866667,,,,,0.272597,0.865518,,
Home,,,1,1373,22.883333,,,,,0.272366,0.864324,,
Home,,,1,1374,22.9,,,,,0.272136,0.86313,,
Home,,,1,1375,22.916667,,,,,0.272062,0.86313,,
Home,,,1,1376,22.933333,,,,,0.271989,0.86313,,
Home,,,1,1377,22.95,,,,,0.271916,0.86313,,
Home,,,1,1378,22.966667,,,,,0.271842,0.86313,,
Home,,,1,1379,22.983333,,,,,0.271769,0.86313,,
Home,,,1,1380,23.0,,,,,0.271696,0.86313,,
Home,,,1,1381,23.016667,,,,,0.271623,0.86313,,
Home,,,1,1382,23.033333,,,,,0.271549,0.86313,,
Home,,,1,1383,23.05,,,,,0.271476,0.86313,,
Home,,,1,1384,23.066667,,,,,0.271403,0.86313,,
Home,,,1,1385,23.083333,,,,,0.271329,0.86313,,
Home,,,1,1386,23.1,,,,,0.271256,0.86313,,
Home,,,1,1387,23.116667,,,,,0.271183,0.86313,,
Home,,,1,1388,23.133333,,,,,0.27111,0.86313,,
Home,,,1,1389,23.15,,,,,0.271036,0.86313,,
Home,,,1,1390,23.166667,,,,,0.270963,0.863131,,
Home,,,1,1391,23.183333,,,,,0.27089,0.863131,,
Home,,,1,1392,23.2,,,,,0.270816,0.863131,,
Home,,,1,1393,23.216667,,,,,0.270743,0.863131,,
Home,,,1,1394,23.233333,,,,,0.27067,0.863131,,
Home,,,1,1395,23.25,,,,,0.270597,0.863131,,
Home,,,1,1396,23.266667,,,,,0.270523,0.863131,,
Home,,,1,1397,23.283333,,,,,0.27045,0.863131,,
Home,,,1,1398,23.3,,,,,0.270377,0.863131,,
Home,,,1,1399,23.316667,,,,,0.270303,0.863131,,
Home,,,1,1400,23.333333,,,,,0.27023,0.863131,,
Home,,,1,1401,23.35,,,,,0.270157,0.863131,,
Home,,,1,1402,23.366667,,,,,0.270084,0.863131,,
Home,,,1,1403,23.383333,,,,,0.27022,0.862892,,
Home,,,1,1404,23.4,,,,,0.270356,0.862653,,
Home,,,1,1405,23.416667,,,,,0.270492,0.862414,,
Home,,,1,1406,23.433333,,,,,0.270629,0.862175,,
Home,,,1,1407,23.45,,,,,0.270765,0.861936,,
Home,,,1,1408,23.466667,,,,,0.270901,0.861697,,
Home,,,1,1409,23.483333,,,,,0.271037,0.861458,,
Home,,,1,1410,23.5,,,,,0.271174,0.861219,,
Home,,,1,1411,23.516667,,,,,0.27131,0.86098,,
Home,,,1,1412,23.533333,,,,,0.271446,0.860741,,
Home,,,1,1413,23.55,,,,,0.271583,0.860502,,
Home,,,1,1414,23.566667,,,,,0.271719,0.860263,,
Home,,,1,1415,23.583333,,,,,0.271855,0.860024,,
Home,,,1,1416,23.6,,,,,0.271991,0.859785,,
Home,,,1,1417,23.616667,,,,,0.272128,0.859547,,
Home,,,1,1418,23.633333,,,,,0.272273,0.859034,,
Home,,,1,1419,23.65,,,,,0.272418,0.858522,,
Home,,,1,1420,23.666667,,,,,0.272564,0.85801,,
Home,,,1,1421,23.683333,,,,,0.272709,0.857498,,
Home,,,1,1422,23.7,,,,,0.272855,0.856986,,
Home,,,1,1423,23.716667,,,,,0.273,0.856474,,
Home,,,1,1424,23.733333,,,,,0.273146,0.855962,,
Home,,,1,1425,23.75,,,,,0.273291,0.85545,,
Home,,,1,1426,23.766667,,,,,0.273436,0.854938,,
Home,,,1,1427,23.783333,,,,,0.273582,0.854426,,
Home,,,1,1428,23.8,,,,,0.273727,0.853914,,
Home,,,1,1429,23.816667,,,,,0.273873,0.853402,,
Home,,,1,1430,23.833333,,,,,0.274018,0.85289,,
Home,,,1,1431,23.85,,,,,0.274164,0.852378,,
Home,,,1,1432,23.866667,,,,,0.274011,0.852179,,
Home,,,1,1433,23.883333,,,,,0.273859,0.85198,,
Home,,,1,1434,23.9,,,,,0.273706,0.851781,,
Home,,,1,1435,23.916667,,,,,0.273554,0.851582,,
Home,,,1,1436,23.933333,,,,,0.273401,0.851383,,
Home,,,1,1437,23.95,,,,,0.273249,0.851184,,
Home,,,1,1438,23.966667,,,,,0.273096,0.850986,,
Home,,,1,1439,23.983333,,,,,0.272944,0.850787,,
Home,,,1,1440,24.0,,,,,0.272792,0.850588,,
Home,,,1,1441,24.016667,,,,,0.272451,0.851036,,
Home,,,1,1442,24.033333,,,,,0.27211,0.851484,,
Home,,,1,1443,24.05,,,,,0.271769,0.851932,,
Home,,,1,1444,24.066667,,,,,0.271428,0.85238,,
Home,,,1,1445,24.083333,,,,,0.271086,0.852829,,
Home,,,1,1446,24.1,,,,,0.270745,0.853277,,
Home,,,1,1447,24.116667,,,,,0.270404,0.853725,,
Home,,,1,1448,24.133333,,,,,0.270063,0.854173,,
Home,,,1,1449,24.15,,,,,0.269519,0.855607,,
Home,,,1,1450,24.166667,,,,,0.268975,0.857041,,
Home,,,1,1451,24.183333,,,,,0.268431,0.858474,,
Home,,,1,1452,24.2,,,,,0.267888,0.859908,,
Home,,,1,1453,24.216667,,,,,0.267344,0.861342,,
Home,,,1,1454,24.233333,,,,,0.267137,0.863134,,
Home,,,1,1455,24.25,,,,,0.266931,0.864925,,
Home,,,1,1456,24.266667,,,,,0.266724,0.866717,,
Home,,,1,1457,24.283333,,,,,0.266518,0.868509,,
Home,,,1,1458,24.3,,,,,0.266311,0.8703,,
Home,,,1,1459,24.316667,,,,,0.266105,0.872092,,
Home,,,1,1460,24.333333,,,,,0.265899,0.873883,,
Home,,,1,1461,24.35,,,,,0.265692,0.875675,,
Home,,,1,1462,24.366667,,,,,0.265486,0.877466,,
Home,,,1,1463,24.383333,,,,,0.265279,0.879258,,
Home,,,1,1464,24.4,,,,,0.265073,0.881049,,
Home,,,1,1465,24.416667,,,,,0.264867,0.882841,,
Home,,,1,1466,24.433333,,,,,0.26466,0.884632,,
Home,,,1,1467,24.45,,,,,0.26476,0.885656,,
Home,,,1,1468,24.466667,,,,,0.26486,0.886679,,
Home,,,1,1469,24.483333,,,,,0.26496,0.887703,,
Home,,,1,1470,24.5,,,,,0.26506,0.888726,,
Home,,,1,1471,24.516667,,,,,0.26516,0.889749,,
Home,,,1,1472,24.533333,,,,,0.26526,0.890773,,
Home,,,1,1473,24.55,,,,,0.26536,0.891797,,
Home,,,1,1474,24.566667,,,,,0.265246,0.891498,,
Home,,,1,1475,24.583333,,,,,0.265131,0.8912,,
Home,,,1,1476,24.6,,,,,0.265016,0.890901,,
Home,,,1,1477,24.616667,,,,,0.264902,0.890603,,
Home,,,1,1478,24.633333,,,,,0.264787,0.890304,,
Home,,,1,1479,24.65,,,,,0.264672,0.890006,,
Home,,,1,1480,24.666667,,,,,0.264778,0.889063,,
Home,,,1,1481,24.683333,,,,,0.264884,0.88812,,
Home,,,1,1482,24.7,,,,,0.26499,0.887177,,
Home,,,1,1483,24.716667,,,,,0.265096,0.886234,,
Home,,,1,1484,24.733333,,,,,0.265202,0.885292,,
Home,,,1,1485,24.75,,,,,0.265308,0.884349,,
Home,,,1,1486,24.766667,,,,,0.265414,0.883406,,
Home,,,1,1487,24.783333,,,,,0.265519,0.882463,,
Home,,,1,1488,24.8,,,,,0.265625,0.88152,,
Home,,,1,1489,24.816667,,,,,0.265731,0.880577,,
Home,,,1,1490,24.833333,,,,,0.265837,0.879635,,
Home,,,1,1491,24.85,,,,,0.265943,0.878692,,
Home,,,1,1492,24.866667,,,,,0.266049,0.877749,,
Home,,,1,1493,24.883333,,,,,0.266154,0.876806,,
Home,,,1,1494,24.9,,,,,0.26626,0.875863,,
Home,,,1,1495,24.916667,,,,,0.266366,0.87492,,
Home,,,1,1496,24.933333,,,,,0.266472,0.873977,,
Home,,,1,1497,24.95,,,,,0.266578,0.873034,,
Home,,,1,1498,24.966667,,,,,0.266684,0.872091,,
Home,,,1,1499,24.983333,,,,,0.266826,0.871525,,
Home,,,1,1500,25.0,,,,,0.266969,0.87096,,
Home,,,1,1501,25.016667,,,,,0.267112,0.870394,,
Home,,,1,1502,25.033333,,,,,0.267255,0.869828,,
Home,,,1,1503,25.05,,,,,0.267397,0.869262,,
Home,,,1,1504,25.066667,,,,,0.26754,0.868696,,
Home,,,1,1505,25.083333,,,,,0.267683,0.86813,,
Home,,,1,1506,25.1,,,,,0.267826,0.867565,,
Home,,,1,1507,25.116667,,,,,0.267968,0.866999,,
Home,,,1,1508,25.133333,,,,,0.268111,0.866433,,
Home,,,1,1509,25.15,,,,,0.268254,0.865867,,
Home,,,1,1510,25.166667,,,,,0.268396,0.865301,,
Home,,,1,1511,25.183333,,,,,0.268539,0.864735,,
Home,,,1,1512,25.2,,,,,0.268682,0.86417,,
Home,,,1,1513,25.216667,,,,,0.268825,0.863604,,
Home,,,1,1514,25.233333,,,,,0.268967,0.863038,,
Home,,,1,1515,25.25,,,,,0.26911,0.862472,,
Home,,,1,1516,25.266667,,,,,0.269253,0.861906,,
Home,,,1,1517,25.283333,,,,,0.269396,0.86134,,
Home,,,1,1518,25.3,,,,,0.269642,0.860363,,
Home,,,1,1519,25.316667,,,,,0.269889,0.859385,,
Home,,,1,1520,25.333333,,,,,0.270135,0.858408,,
Home,,,1,1521,25.35,,,,,0.270382,0.857431,,
Home,,,1,1522,25.366667,,,,,0.270628,0.856453,,
Home,,,1,1523,25.383333,,,,,0.270875,0.855476,,
Home,,,1,1524,25.4,,,,,0.271121,0.854498,,
Home,,,1,1525,25.416667,,,,,0.271368,0.853521,,
Home,,,1,1526,25.433333,,,,,0.271614,0.852543,,
Home,,,1,1527,25.45,,,,,0.271861,0.851566,,
Home,,,1,1528,25.466667,,,,,0.272108,0.850588,,
Home,,,1,1529,25.483333,,,,,0.272416,0.849285,,
Home,,,1,1530,25.5,,,,,0.272724,0.847982,,
Home,,,1,1531,25.516667,,,,,0.273032,0.846678,,
Home,,,1,1532,25.533333,,,,,0.27334,0.845375,,
Home,,,1,1533,25.55,,,,,0.273648,0.844072,,
Home,,,1,1534,25.566667,,,,,0.273956,0.842768,,
Home,,,1,1535,25.583333,,,,,0.274264,0.841465,,
Home,,,1,1536,25.6,,,,,0.274572,0.840161,,
Home,,,1,1537,25.616667,,,,,0.27488,0.838858,,
Home,,,1,1538,25.633333,,,,,0.275188,0.837554,,
Home,,,1,1539,25.65,,,,,0.275496,0.836251,,
Home,,,1,1540,25.666667,,,,,0.275548,0.833862,,
Home,,,1,1541,25.683333,,,,,0.275599,0.831472,,
Home,,,1,1542,25.7,,,,,0.275651,0.829083,,
Home,,,1,1543,25.716667,,,,,0.275703,0.826694,,
Home,,,1,1544,25.733333,,,,,0.275754,0.824304,,
Home,,,1,1545,25.75,,,,,0.275806,0.821915,,
Home,,,1,1546,25.766667,,,,,0.275858,0.819525,,
Home,,,1,1547,25.783333,,,,,0.275909,0.817136,,
Home,,,1,1548,25.8,,,,,0.275961,0.814746,,
Home,,,1,1549,25.816667,,,,,0.276013,0.812357,,
Home,,,1,1550,25.833333,,,,,0.276064,0.809967,,
Home,,,1,1551,25.85,,,,,0.276116,0.807578,,
Home,PASS,,1,1552,25.866667,1586,26.43333,Player0,Player1,0.276306,0.805273,0.284097,0.703584
Home,,,1,1553,25.883333,,,,,0.276497,0.802969,,
Home,,,1,1554,25.9,,,,,0.276687,0.800664,,
Home,,,1,1555,25.916667,,,,,0.276878,0.798359,,
Home,,,1,1556,25.933333,,,,,0.277068,0.796055,,
Home,,,1,1557,25.95,,,,,0.277258,0.79375,,
Home,,,1,1558,25.966667,,,,,0.277449,0.791445,,
Home,,,1,1559,25.983333,,,,,0.277637,0.788116,,
Home,,,1,1560,26.0,,,,,0.277825,0.784787,,
Home,,,1,1561,26.016667,,,,,0.278013,0.781458,,
Home,,,1,1562,26.033333,,,,,0.278201,0.778129,,
Home,,,1,1563,26.05,,,,,0.278389,0.7748,,
Home,,,1,1564,26.066667,,,,,0.278577,0.77147,,
Home,,,1,1565,26.083333,,,,,0.278765,0.768141,,
Home,,,1,1566,26.1,,,,,0.278911,0.765053,,
Home,,,1,1567,26.116667,,,,,0.279056,0.761966,,
Home,,,1,1568,26.133333,,,,,0.279201,0.758878,,
Home,,,1,1569,26.15,,,,,0.279346,0.75579,,
Home,,,1,1570,26.166667,,,,,0.279491,0.752702,,
Home,,,1,1571,26.183333,,,,,0.279637,0.749614,,
Home,,,1,1572,26.2,,,,,0.279782,0.746526,,
Home,,,1,1573,26.216667,,,,,0.279927,0.743438,,
Home,,,1,1574,26.233333,,,,,0.280072,0.74035,,
Home,,,1,1575,26.25,,,,,0.280218,0.737262,,
Home,,,1,1576,26.266667,,,,,0.280363,0.734174,,
Home,,,1,1577,26.283333,,,,,0.280508,0.731086,,
Home,,,1,1578,26.3,,,,,0.280653,0.727997,,
Home,,,1,1579,26.316667,,,,,0.280799,0.724909,,
Home,,,1,1580,26.333333,,,,,0.280944,0.72182,,
Home,,,1,1581,26.35,,,,,0.281089,0.718732,,
Home,,,1,1582,26.366667,,,,,0.281234,0.715643,,
Home,,,1,1583,26.383333,,,,,0.28138,0.712555,,
Home,,,1,1584,26.4,,,,,0.282056,0.708967,,
Home,,,1,1585,26.416667,,,,,0.282048,0.70538,,
Home,,,1,1586,26.433333,,,,,0.284097,0.703584,,
Home,,,1,1587,26.45,,,,,0.285118,0.700892,,
Home,,,1,1588,26.466667,,,,,0.286139,0.6982,,
Home,,,1,1589,26.483333,,,,,0.286475,0.695509,,
Home,,,1,1590,26.5,,,,,0.286812,0.692818,,
Home,,,1,1591,26.516667,,,,,0.287494,0.69192,,
Home,,,1,1592,26.533333,,,,,0.288177,0.691022,,
Home,,,1,1593,26.55,,,,,0.288856,0.688779,,
Home,,,1,1594,26.566667,,,,,0.289536,0.686536,,
Home,,,1,1595,26.583333,,,,,0.290216,0.684293,,
Home,,,1,1596,26.6,,,,,0.290895,0.682049,,
Home,,,1,1597,26.616667,,,,,0.291578,0.681151,,
Home,,,1,1598,26.633333,,,,,0.29226,0.680253,,
Home,,,1,1599,26.65,,,,,0.292937,0.676664,,
Home,,,1,1600,26.666667,,,,,0.293614,0.673076,,
Home,,,1,1601,26.683333,,,,,0.294981,0.672176,,
Home,,,1,1602,26.7,,,,,0.296348,0.671277,,
Home,,,1,1603,26.716667,,,,,0.297369,0.668584,,
Home,,,1,1604,26.733333,,,,,0.29839,0.665892,,
Home,,,1,1605,26.75,,,,,0.299758,0.664992,,
Home,,,1,1606,26.766667,,,,,0.301125,0.664093,,
Home,,,1,1607,26.783333,,,,,0.302715,0.660502,,
Home,,,1,1608,26.8,,,,,0.304305,0.656911,,
Home,,,1,1609,26.816667,,,,,0.305895,0.653319,,
Home,,,1,1610,26.833333,,,,,0.306912,0.648832,,
Home,,,1,1611,26.85,,,,,0.30793,0.644344,,
Home,,,1,1612,26.866667,,,,,0.308951,0.641651,,
Home,,,1,1613,26.883333,,,,,0.309973,0.638957,,
Home,,,1,1614,26.9,,,,,0.310549,0.637576,,
Home,,,1,1615,26.916667,,,,,0.311126,0.636194,,
Home,,,1,1616,26.933333,,,,,0.311702,0.634813,,
Home,,,1,1617,26.95,,,,,0.312279,0.633432,,
Home,,,1,1618,26.966667,,,,,0.312855,0.63205,,
Home,,,1,1619,26.983333,,,,,0.313432,0.630669,,
Home,,,1,1620,27.0,,,,,0.314008,0.629287,,
Home,,,1,1621,27.016667,,,,,0.314585,0.627906,,
Home,,,1,1622,27.033333,,,,,0.315161,0.626524,,
Home,,,1,1623,27.05,,,,,0.315738,0.625142,,
Home,,,1,1624,27.066667,,,,,0.316314,0.623761,,
Home,,,1,1625,27.083333,,,,,0.316891,0.622379,,
Home,,,1,1626,27.1,,,,,0.317468,0.620998,,
Home,,,1,1627,27.116667,,,,,0.317714,0.619529,,
Home,,,1,1628,27.133333,,,,,0.317959,0.61806,,
Home,,,1,1629,27.15,,,,,0.318205,0.616591,,
Home,,,1,1630,27.166667,,,,,0.318451,0.615122,,
Home,,,1,1631,27.183333,,,,,0.318697,0.613653,,
Home,,,1,1632,27.2,,,,,0.318943,0.612184,,
Home,,,1,1633,27.216667,,,,,0.319189,0.610715,,
Home,,,1,1634,27.233333,,,,,0.319435,0.609246,,
Home,,,1,1635,27.25,,,,,0.319681,0.607777,,
Home,,,1,1636,27.266667,,,,,0.319927,0.606308,,
Home,,,1,1637,27.283333,,,,,0.320173,0.604839,,
Home,,,1,1638,27.3,,,,,0.320268,0.603301,,
Home,,,1,1639,27.316667,,,,,0.320362,0.601762,,
Home,,,1,1640,27.333333,,,,,0.320457,0.600223,,
Home,,,1,1641,27.35,,,,,0.320552,0.598685,,
Home,,,1,1642,27.366667,,,,,0.320646,0.597146,,
Home,,,1,1643,27.383333,,,,,0.320741,0.595607,,
Home,,,1,1644,27.4,,,,,0.320836,0.594068,,
Home,,,1,1645,27.416667,,,,,0.320491,0.593172,,
Home,,,1,1646,27.433333,,,,,0.320147,0.592275,,
Home,,,1,1647,27.45,,,,,0.320488,0.591826,,
Home,,,1,1648,27.466667,,,,,0.32083,0.591376,,
Home,,,1,1649,27.483333,,,,,0.321171,0.590927,,
Home,,,1,1650,27.5,,,,,0.321513,0.590477,,
Home,,,1,1651,27.516667,,,,,0.321626,0.589878,,
Home,,,1,1652,27.533333,,,,,0.321739,0.58928,,
Home,,,1,1653,27.55,,,,,0.321852,0.588681,,
Home,,,1,1654,27.566667,,,,,0.321965,0.588083,,
Home,,,1,1655,27.583333,,,,,0.322078,0.587484,,
Home,,,1,1656,27.6,,,,,0.32219,0.586886,,
Home,,,1,1657,27.616667,,,,,0.322263,0.58529,,
Home,,,1,1658,27.633333,,,,,0.322336,0.583694,,
Home,,,1,1659,27.65,,,,,0.322409,0.582098,,
Home,,,1,1660,27.666667,,,,,0.322482,0.580502,,
Home,,,1,1661,27.683333,,,,,0.322554,0.578906,,
Home,,,1,1662,27.7,,,,,0.322627,0.577311,,
Home,,,1,1663,27.716667,,,,,0.3227,0.575715,,
Home,,,1,1664,27.733333,,,,,0.322773,0.574119,,
Home,,,1,1665,27.75,,,,,0.322846,0.572523,,
Home,,,1,1666,27.766667,,,,,0.32307,0.570727,,
Home,,,1,1667,27.783333,,,,,0.323295,0.568931,,
Home,,,1,1668,27.8,,,,,0.323519,0.567136,,
Home,,,1,1669,27.816667,,,,,0.323432,0.566463,,
Home,,,1,1670,27.833333,,,,,0.323345,0.56579,,
Home,,,1,1671,27.85,,,,,0.323258,0.565117,,
Home,,,1,1672,27.866667,,,,,0.323171,0.564444,,
Home,,,1,1673,27.883333,,,,,0.323084,0.56377,,
Home,,,1,1674,27.9,,,,,0.322997,0.563097,,
Home,,,1,1675,27.916667,,,,,0.32291,0.562424,,
Home,,,1,1676,27.933333,,,,,0.322823,0.561751,,
Home,,,1,1677,27.95,,,,,0.322685,0.561033,,
Home,,,1,1678,27.966667,,,,,0.322546,0.560316,,
Home,,,1,1679,27.983333,,,,,0.322408,0.559598,,
Home,,,1,1680,28.0,,,,,0.322269,0.55888,,
Home,,,1,1681,28.016667,,,,,0.322131,0.558162,,
Home,,,1,1682,28.033333,,,,,0.322132,0.558611,,
Home,,,1,1683,28.05,,,,,0.322132,0.55906,,
Home,,,1,1684,28.066667,,,,,0.322133,0.559509,,
Home,,,1,1685,28.083333,,,,,0.322134,0.559958,,
Home,,,1,1686,28.1,,,,,0.321963,0.559958,,
Home,,,1,1687,28.116667,,,,,0.321792,0.559958,,
Home,,,1,1688,28.133333,,,,,0.321621,0.559959,,
Home,,,1,1689,28.15,,,,,0.321449,0.559959,,
Home,,,1,1690,28.166667,,,,,0.321279,0.560408,,
Home,,,1,1691,28.183333,,,,,0.321109,0.560858,,
Home,,,1,1692,28.2,,,,,0.320938,0.561307,,
Home,,,1,1693,28.216667,,,,,0.320768,0.561756,,
Home,,,1,1694,28.233333,,,,,0.320576,0.563295,,
Home,,,1,1695,28.25,,,,,0.320383,0.564835,,
Home,,,1,1696,28.266667,,,,,0.320191,0.566374,,
Home,,,1,1697,28.283333,,,,,0.319998,0.567913,,
Home,,,1,1698,28.3,,,,,0.319806,0.569452,,
Home,,,1,1699,28.316667,,,,,0.319613,0.570992,,
Home,,,1,1700,28.333333,,,,,0.319421,0.572531,,
Home,,,1,1701,28.35,,,,,0.319573,0.574967,,
Home,,,1,1702,28.366667,,,,,0.319724,0.577403,,
Home,,,1,1703,28.383333,,,,,0.319876,0.579838,,
Home,,,1,1704,28.4,,,,,0.320028,0.582274,,
Home,,,1,1705,28.416667,,,,,0.32018,0.58471,,
Home,,,1,1706,28.433333,,,,,0.320332,0.587146,,
Home,,,1,1707,28.45,,,,,0.320484,0.589582,,
Home,,,1,1708,28.466667,,,,,0.320636,0.592017,,
Home,,,1,1709,28.483333,,,,,0.320788,0.594453,,
Home,,,1,1710,28.5,,,,,0.320939,0.596889,,
Home,,,1,1711,28.516667,,,,,0.321091,0.599325,,
Home,,,1,1712,28.533333,,,,,0.321243,0.60176,,
Home,,,1,1713,28.55,,,,,0.321395,0.604196,,
Home,,,1,1714,28.566667,,,,,0.321547,0.606631,,
Home,,,1,1715,28.583333,,,,,0.321894,0.609024,,
Home,,,1,1716,28.6,,,,,0.322242,0.611416,,
Home,,,1,1717,28.616667,,,,,0.322589,0.613808,,
Home,,,1,1718,28.633333,,,,,0.322937,0.616201,,
Home,,,1,1719,28.65,,,,,0.323284,0.618593,,
Home,,,1,1720,28.666667,,,,,0.323631,0.620985,,
Home,,,1,1721,28.683333,,,,,0.324015,0.62238,,
Home,,,1,1722,28.7,,,,,0.324398,0.623775,,
Home,,,1,1723,28.716667,,,,,0.324782,0.62517,,
Home,,,1,1724,28.733333,,,,,0.325165,0.626565,,
Home,,,1,1725,28.75,,,,,0.325548,0.62796,,
Home,,,1,1726,28.766667,,,,,0.325932,0.629356,,
Home,,,1,1727,28.783333,,,,,0.326315,0.630751,,
Home,,,1,1728,28.8,,,,,0.326699,0.632146,,
Home,,,1,1729,28.816667,,,,,0.327082,0.633541,,
Home,,,1,1730,28.833333,,,,,0.327152,0.634258,,
Home,,,1,1731,28.85,,,,,0.327222,0.634976,,
Home,,,1,1732,28.866667,,,,,0.327292,0.635694,,
Home,,,1,1733,28.883333,,,,,0.327362,0.636411,,
Home,,,1,1734,28.9,,,,,0.327432,0.637129,,
Home,,,1,1735,28.916667,,,,,0.327502,0.637847,,
Home,,,1,1736,28.933333,,,,,0.327572,0.638564,,
Home,,,1,1737,28.95,,,,,0.327642,0.639282,,
Home,,,1,1738,28.966667,,,,,0.327712,0.64,,
Home,,,1,1739,28.983333,,,,,0.327782,0.640717,,
Home,,,1,1740,29.0,,,,,0.327554,0.641117,,
Home,,,1,1741,29.016667,,,,,0.327327,0.641516,,
Home,,,1,1742,29.033333,,,,,0.327099,0.641915,,
Home,,,1,1743,29.05,,,,,0.326872,0.642314,,
Home,,,1,1744,29.066667,,,,,0.326644,0.642713,,
Home,,,1,1745,29.083333,,,,,0.326417,0.643113,,
Home,,,1,1746,29.1,,,,,0.326189,0.643512,,
Home,,,1,1747,29.116667,,,,,0.325962,0.643911,,
Home,,,1,1748,29.133333,,,,,0.325734,0.64431,,
Home,,,1,1749,29.15,,,,,0.325433,0.643638,,
Home,,,1,1750,29.166667,,,,,0.325132,0.642966,,
Home,,,1,1751,29.183333,,,,,0.324831,0.642293,,
Home,,,1,1752,29.2,,,,,0.32453,0.641621,,
Home,,,1,1753,29.216667,,,,,0.324229,0.640949,,
Home,,,1,1754,29.233333,,,,,0.323928,0.640276,,
Home,,,1,1755,29.25,,,,,0.323627,0.639604,,
Home,,,1,1756,29.266667,,,,,0.323326,0.638932,,
Home,,,1,1757,29.283333,,,,,0.323025,0.638259,,
Home,,,1,1758,29.3,,,,,0.322724,0.637587,,
Home,,,1,1759,29.316667,,,,,0.322423,0.636915,,
Home,,,1,1760,29.333333,,,,,0.322122,0.636242,,
Home,,,1,1761,29.35,,,,,0.321821,0.63557,,
Home,,,1,1762,29.366667,,,,,0.32152,0.634897,,
Home,,,1,1763,29.383333,,,,,0.321219,0.634225,,
Home,,,1,1764,29.4,,,,,0.320918,0.633553,,
Home,,,1,1765,29.416667,,,,,0.320741,0.630861,,
Home,,,1,1766,29.433333,,,,,0.320564,0.62817,,
Home,,,1,1767,29.45,,,,,0.320388,0.625478,,
Home,,,1,1768,29.466667,,,,,0.320211,0.622787,,
Home,,,1,1769,29.483333,,,,,0.320034,0.620095,,
Home,,,1,1770,29.5,,,,,0.319857,0.617403,,
Home,,,1,1771,29.516667,,,,,0.31968,0.614712,,
Home,,,1,1772,29.533333,,,,,0.319503,0.61202,,
Home,,,1,1773,29.55,,,,,0.319502,0.611386,,
Home,,,1,1774,29.566667,,,,,0.319501,0.610753,,
Home,,,1,1775,29.583333,,,,,0.319499,0.61012,,
Home,,,1,1776,29.6,,,,,0.319498,0.609486,,
Home,,,1,1777,29.616667,,,,,0.319497,0.608853,,
Home,,,1,1778,29.633333,,,,,0.319495,0.608219,,
Home,,,1,1779,29.65,,,,,0.319494,0.607586,,
Home,,,1,1780,29.666667,,,,,0.319493,0.606952,,
Home,,,1,1781,29.683333,,,,,0.319491,0.606319,,
Home,,,1,1782,29.7,,,,,0.31949,0.605685,,
Home,,,1,1783,29.716667,,,,,0.319489,0.605052,,
Home,,,1,1784,29.733333,,,,,0.319487,0.604418,,
Home,,,1,1785,29.75,,,,,0.319486,0.603785,,
Home,,,1,1786,29.766667,,,,,0.319485,0.603152,,
Home,,,1,1787,29.783333,,,,,0.319483,0.602518,,
Home,,,1,1788,29.8,,,,,0.319482,0.601885,,
Home,,,1,1789,29.816667,,,,,0.319481,0.601251,,
Home,,,1,1790,29.833333,,,,,0.319477,0.599636,,
Home,,,1,1791,29.85,,,,,0.319474,0.59802,,
Home,,,1,1792,29.866667,,,,,0.319471,0.596405,,
Home,,,1,1793,29.883333,,,,,0.319467,0.594789,,
Home,,,1,1794,29.9,,,,,0.319464,0.593174,,
Home,,,1,1795,29.916667,,,,,0.31946,0.591558,,
Home,,,1,1796,29.933333,,,,,0.319457,0.589943,,
Home,,,1,1797,29.95,,,,,0.319454,0.588328,,
Home,,,1,1798,29.966667,,,,,0.31945,0.586712,,
Home,,,1,1799,29.983333,,,,,0.319447,0.585096,,
Home,,,1,1800,30.0,,,,,0.319444,0.583481,,
Home,,,1,1801,30.016667,,,,,0.31944,0.581865,,
Home,,,1,1802,30.033333,,,,,0.319437,0.58025,,
Home,,,1,1803,30.05,,,,,0.319433,0.578634,,
Home,,,1,1804,30.066667,,,,,0.31943,0.577019,,
Home,,,1,1805,30.083333,,,,,0.319427,0.575403,,
Home,,,1,1806,30.1,,,,,0.319423,0.573787,,
Home,,,1,1807,30.116667,,,,,0.31942,0.572172,,
Home,,,1,1808,30.133333,,,,,0.319417,0.570556,,
Home,,,1,1809,30.15,,,,,0.319413,0.56894,,
Home,,,1,1810,30.166667,,,,,0.31939,0.569188,,
Home,,,1,1811,30.183333,,,,,0.319367,0.569436,,
Home,,,1,1812,30.2,,,,,0.319344,0.569683,,
Home,,,1,1813,30.216667,,,,,0.319321,0.569931,,
Home,,,1,1814,30.233333,,,,,0.319298,0.570179,,
Home,,,1,1815,30.25,,,,,0.319274,0.570426,,
Home,,,1,1816,30.266667,,,,,0.319251,0.570674,,
Home,,,1,1817,30.283333,,,,,0.319228,0.570922,,
Home,,,1,1818,30.3,,,,,0.319205,0.571169,,
Home,,,1,1819,30.316667,,,,,0.319182,0.571417,,
Home,,,1,1820,30.333333,,,,,0.319159,0.571665,,
Home,,,1,1821,30.35,,,,,0.319136,0.571912,,
Home,,,1,1822,30.366667,,,,,0.319113,0.57216,,
Home,,,1,1823,30.383333,,,,,0.31909,0.572408,,
Home,,,1,1824,30.4,,,,,0.319067,0.572655,,
Home,,,1,1825,30.416667,,,,,0.319044,0.572903,,
Home,,,1,1826,30.433333,,,,,0.31902,0.573151,,
Home,,,1,1827,30.45,,,,,0.318997,0.573398,,
Home,,,1,1828,30.466667,,,,,0.318974,0.573646,,
Home,,,1,1829,30.483333,,,,,0.318951,0.573894,,
Home,,,1,1830,30.5,,,,,0.318928,0.574141,,
Home,,,1,1831,30.516667,,,,,0.318905,0.574389,,
Home,,,1,1832,30.533333,,,,,0.318882,0.574637,,
Home,,,1,1833,30.55,,,,,0.318859,0.574884,,
Home,,,1,1834,30.566667,,,,,0.318836,0.575132,,
Home,,,1,1835,30.583333,,,,,0.318813,0.57538,,
Home,,,1,1836,30.6,,,,,0.318789,0.575627,,
Home,,,1,1837,30.616667,,,,,0.318766,0.575875,,
Home,,,1,1838,30.633333,,,,,0.318743,0.576123,,
Home,,,1,1839,30.65,,,,,0.318744,0.57655,,
Home,,,1,1840,30.666667,,,,,0.318745,0.576977,,
Home,,,1,1841,30.683333,,,,,0.318746,0.577405,,
Home,,,1,1842,30.7,,,,,0.318747,0.577832,,
Home,,,1,1843,30.716667,,,,,0.318748,0.57826,,
Home,,,1,1844,30.733333,,,,,0.318749,0.578687,,
Home,,,1,1845,30.75,,,,,0.318749,0.579114,,
Home,,,1,1846,30.766667,,,,,0.31875,0.579542,,
Home,,,1,1847,30.783333,,,,,0.318751,0.579969,,
Home,,,1,1848,30.8,,,,,0.318752,0.580397,,
Home,,,1,1849,30.816667,,,,,0.318753,0.580824,,
Home,,,1,1850,30.833333,,,,,0.318754,0.581251,,
Home,,,1,1851,30.85,,,,,0.318755,0.581679,,
Home,,,1,1852,30.866667,,,,,0.318756,0.582106,,
Home,,,1,1853,30.883333,,,,,0.318757,0.582534,,
Home,,,1,1854,30.9,,,,,0.318758,0.582961,,
Home,,,1,1855,30.916667,,,,,0.318758,0.583388,,
Home,,,1,1856,30.933333,,,,,0.318759,0.583816,,
Home,,,1,1857,30.95,,,,,0.31876,0.584243,,
Home,,,1,1858,30.966667,,,,,0.318761,0.584671,,
Home,,,1,1859,30.983333,,,,,0.318762,0.585098,,
Home,,,1,1860,31.0,,,,,0.318552,0.584552,,
Home,,,1,1861,31.016667,,,,,0.318343,0.584006,,
Home,,,1,1862,31.033333,,,,,0.318133,0.58346,,
Home,,,1,1863,31.05,,,,,0.317924,0.582915,,
Home,,,1,1864,31.066667,,,,,0.317714,0.582369,,
Home,,,1,1865,31.083333,,,,,0.317504,0.581823,,
Home,,,1,1866,31.1,,,,,0.317295,0.581277,,
Home,,,1,1867,31.116667,,,,,0.317085,0.580731,,
Home,,,1,1868,31.133333,,,,,0.316876,0.580185,,
Home,,,1,1869,31.15,,,,,0.316666,0.579639,,
Home,,,1,1870,31.166667,,,,,0.316456,0.579094,,
Home,,,1,1871,31.183333,,,,,0.316247,0.578548,,
Home,,,1,1872,31.2,,,,,0.316037,0.578002,,
Home,,,1,1873,31.216667,,,,,0.315828,0.577456,,
Home,,,1,1874,31.233333,,,,,0.315618,0.57691,,
Home,,,1,1875,31.25,,,,,0.315408,0.576364,,
Home,,,1,1876,31.266667,,,,,0.315199,0.575818,,
Home,,,1,1877,31.283333,,,,,0.314989,0.575272,,
Home,,,1,1878,31.3,,,,,0.31478,0.574727,,
Home,,,1,1879,31.316667,,,,,0.31457,0.574181,,
Home,,,1,1880,31.333333,,,,,0.31436,0.573635,,
Home,,,1,1881,31.35,,,,,0.314151,0.573089,,
Home,,,1,1882,31.366667,,,,,0.313941,0.572543,,
Home,,,1,1883,31.383333,,,,,0.314088,0.570149,,
Home,,,1,1884,31.4,,,,,0.314235,0.567755,,
Home,,,1,1885,31.416667,,,,,0.314383,0.565361,,
Home,,,1,1886,31.433333,,,,,0.31453,0.562967,,
Home,,,1,1887,31.45,,,,,0.314677,0.560573,,
Home,,,1,1888,31.466667,,,,,0.314824,0.558179,,
Home,,,1,1889,31.483333,,,,,0.314971,0.555785,,
Home,,,1,1890,31.5,,,,,0.315118,0.553391,,
Home,,,1,1891,31.516667,,,,,0.315266,0.550997,,
Home,,,1,1892,31.533333,,,,,0.315943,0.547404,,
Home,,,1,1893,31.55,,,,,0.31662,0.543812,,
Home,,,1,1894,31.566667,,,,,0.317298,0.540219,,
Home,,,1,1895,31.583333,,,,,0.317292,0.537526,,
Home,,,1,1896,31.6,,,,,0.317287,0.534833,,
Home,,,1,1897,31.616667,,,,,0.317281,0.532139,,
Home,,,1,1898,31.633333,,,,,0.317275,0.529446,,
Home,,,1,1899,31.65,,,,,0.315217,0.528104,,
Home,,,1,1900,31.666667,,,,,0.31316,0.526763,,
Home,,,1,1901,31.683333,,,,,0.311102,0.525421,,
Home,,,1,1902,31.7,,,,,0.309044,0.524079,,
Home,,,1,1903,31.716667,,,,,0.304934,0.52409,,
Home,,,1,1904,31.733333,,,,,0.300824,0.5241,,
Home,,,1,1905,31.75,,,,,0.29673,0.531292,,
Home,PASS,,1,1906,31.766667,1944,32.4,Player1,Player0,0.292889,0.536464,0.158231,0.700201
Home,,,1,1907,31.783333,,,,,0.289048,0.541634,,
Home,,,1,1908,31.8,,,,,0.285207,0.546805,,
Home,,,1,1909,31.816667,,,,,0.281367,0.551975,,
Home,,,1,1910,31.833333,,,,,0.277527,0.557145,,
Home,,,1,1911,31.85,,,,,0.273687,0.562314,,
Home,,,1,1912,31.866667,,,,,0.269847,0.567483,,
Home,,,1,1913,31.883333,,,,,0.266008,0.572652,,
Home,,,1,1914,31.9,,,,,0.262205,0.577532,,
Home,,,1,1915,31.916667,,,,,0.258402,0.582411,,
Home,,,1,1916,31.933333,,,,,0.2546,0.58729,,
Home,,,1,1917,31.95,,,,,0.250797,0.592169,,
Home,,,1,1918,31.966667,,,,,0.246995,0.597048,,
Home,,,1,1919,31.983333,,,,,0.243194,0.601926,,
Home,,,1,1920,32.0,,,,,0.239392,0.606804,,
Home,,,1,1921,32.016667,,,,,0.23581,0.611184,,
Home,,,1,1922,32.033333,,,,,0.232228,0.615564,,
Home,,,1,1923,32.05,,,,,0.228646,0.619944,,
Home,,,1,1924,32.066667,,,,,0.225064,0.624324,,
Home,,,1,1925,32.083333,,,,,0.221482,0.628703,,
Home,,,1,1926,32.1,,,,,0.217901,0.633082,,
Home,,,1,1927,32.116667,,,,,0.21432,0.637461,,
Home,,,1,1928,32.133333,,,,,0.210739,0.641839,,
Home,,,1,1929,32.15,,,,,0.207158,0.646218,,
Home,,,1,1930,32.166667,,,,,0.203578,0.650596,,
Home,,,1,1931,32.183333,,,,,0.199998,0.654973,,
Home,,,1,1932,32.2,,,,,0.196418,0.659351,,
Home,,,1,1933,32.216667,,,,,0.192838,0.663728,,
Home,,,1,1934,32.233333,,,,,0.189259,0.668105,,
Home,,,1,1935,32.25,,,,,0.185679,0.672481,,
Home,,,1,1936,32.266667,,,,,0.1821,0.676858,,
Home,,,1,1937,32.283333,,,,,0.178885,0.680193,,
Home,,,1,1938,32.3,,,,,0.17567,0.683528,,
Home,,,1,1939,32.316667,,,,,0.172455,0.686862,,
Home,,,1,1940,32.333333,,,,,0.169241,0.690197,,
Home,,,1,1941,32.35,,,,,0.166026,0.693531,,
Home,,,1,1942,32.366667,,,,,0.162812,0.696865,,
Home,,,1,1943,32.383333,,,,,0.159598,0.700199,,
Home,,,1,1944,32.4,,,,,0.158231,0.700201,,
Home,,,1,1945,32.416667,,,,,0.157887,0.699306,,
Home,,,1,1946,32.433333,,,,,0.157542,0.69841,,
Home,,,1,1947,32.45,,,,,0.157405,0.698052,,
Home,,,1,1948,32.466667,,,,,0.157267,0.697694,,
Home,,,1,1949,32.483333,,,,,0.15713,0.697335,,
Home,,,1,1950,32.5,,,,,0.156992,0.696977,,
Home,,,1,1951,32.516667,,,,,0.156854,0.696619,,
Home,,,1,1952,32.533333,,,,,0.157084,0.697216,,
Home,,,1,1953,32.55,,,,,0.157313,0.697813,,
Home,,,1,1954,32.566667,,,,,0.157542,0.69841,,
